REGION,TECHNOLOGY,YEAR,VALUE
"SC","MINSOL",2019,0.000277533069937764
"SC","MINSOL",2020,0.000137142852754286
"SC","MINSOL",2021,0.000426666653013334
"SC","MINSOL",2022,0.0070292890521211
"SC","MINSOL",2023,0.00110843923621312
"SC","MINSOL",2024,0.00011999999616
"SC","MINSOL",2025,0.0707024835706032
"SC","MINSOL",2026,0.0685551059689563
"SC","MINSOL",2027,0.0716460308397811
"SC","MINSOL",2028,0.00142052811353076
"SC","MINSOL",2029,0.0716910972050304
"SC","MINSOL",2030,0.0695966553519068
"SC","MINSOL",2031,0.0322369621893514
"SC","MINSOL",2032,0.0697539565865031
"SC","MINSOL",2033,0.0726797108394576
"SC","MINSOL",2034,0.0726797108394576
"SC","MINSOL",2035,0.0726797108394576
"SC","MINSOL",2036,0.0735571520227771
"SC","MINSOL",2037,0.0736683244738848
"SC","MINSOL",2038,0.0736683244738848
"SC","MINSOL",2039,0.0651947692191606
"SC","MINSOL",2040,0.0736683244738848
"SC","MINSOL",2041,0.0747723384760157
"SC","MINSOL",2042,0.0745251850674089
"SC","MINSOL",2043,0.0745251850674089
"SC","MINSOL",2044,0.0277881973403055
"SC","MINSOL",2045,0.0745251850674089
"SC","MINSOL",2046,0.0757403715206474
"SC","MINSOL",2047,0.0780611732723204
"SC","MINSOL",2048,0.0780611732723204
"SC","MINSOL",2049,0.0780611732723205
"SC","MINSOL",2050,0.0562802114376192
"SC","MINWND",2019,0.0154217016504307
"SC","MINWND",2020,0.0427069954635264
"SC","MINWND",2021,0.0498677272689024
"SC","MINWND",2022,0.00604140882768001
"SC","MINWND",2023,0.0113266957575675
"SC","MINWND",2024,0.00920716916413933
"SC","MINWND",2026,0.127743100972531
"SC","MINWND",2028,0.0645787457779368
"SC","MINWND",2029,0.102246784364275
"SC","MINWND",2030,0.102246784364275
"SC","MINWND",2031,0.101650672887982
"SC","MINWND",2032,0.102358007544271
"SC","MINWND",2033,0.0831878091758069
"SC","MINWND",2034,0.0371950050325598
"SC","MINWND",2035,0.0196229853985186
"SC","MINWND",2036,0.082830529867392
"SC","MINWND",2037,0.089453939321088
"SC","MINWND",2038,0.089453939321088
"SC","MINWND",2039,0.089453939321088
"SC","MINWND",2040,0.089453939321088
"SC","MINWND",2041,0.089453939321088
"SC","MINWND",2042,0.089453939321088
"SC","MINWND",2043,0.0878422797616391
"SC","MINWND",2044,0.0749757921470208
"SC","MINWND",2045,0.0749757921470208
"SC","IMPDSL",2019,0.213299652032036
"SC","IMPDSL",2020,0.279318328566729
"SC","IMPDSL",2021,0.261811692702699
"SC","IMPDSL",2022,0.212282558035105
"SC","IMPDSL",2023,0.21191913459923
"SC","IMPDSL",2024,0.211556892031518
"SC","IMPDSL",2025,0.211195859925541
"SC","IMPDSL",2026,0.275356609921428
"SC","IMPDSL",2027,0.273665113033374
"SC","IMPDSL",2028,0.272105225902086
"SC","IMPDSL",2029,0.270663120814425
"SC","IMPDSL",2030,0.269326529362009
"SC","IMPDSL",2031,0.260817419311896
"SC","IMPDSL",2032,0.260824184264733
"SC","IMPDSL",2033,0.260839260791723
"SC","IMPDSL",2034,0.0934121444203406
"SC","IMPDSL",2035,0.0923509340088988
"SC","IMPDSL",2036,0.0911993869413674
"SC","IMPDSL",2037,0.0242877184927478
"SC","IMPDSL",2038,0.0244001307687196
"SC","IMPDSL",2039,0.024521225971596
"SC","IMPDSL",2040,0.0246511129588577
"SC","IMPDSL",2041,0.0249552526450113
"SC","IMPDSL",2042,0.0252761622052582
"SC","IMPDSL",2043,0.021337863605451
"SC","IMPDSL",2044,0.0217117209604275
"SC","IMPDSL",2045,0.0221044415849399
"SC","IMPDSL",2046,0.0225168450205746
"SC","IMPDSL",2047,0.0229497861551862
"SC","IMPDSL",2048,0.0234041594742214
"SC","IMPDSL",2049,0.0236884495463913
"SC","IMPDSL",2050,0.0241894028784721
"SC","PWRDIE",2019,0.00990930967782853
"SC","PWRDIE",2020,0.00990930967782853
"SC","PWRDIE",2021,0.00990930967782853
"SC","PWRDIE",2022,0.00990930967782853
"SC","PWRDIE",2023,0.00990930967782853
"SC","PWRDIE",2024,0.00990930967782853
"SC","PWRDIE",2025,0.00990930967782853
"SC","PWRDIE",2026,0.01387303354896
"SC","PWRDIE",2027,0.01387303354896
"SC","PWRDIE",2028,0.01387303354896
"SC","PWRDIE",2029,0.01387303354896
"SC","PWRDIE",2030,0.01387303354896
"SC","PWRDIE",2031,0.01387303354896
"SC","PWRDIE",2032,0.01387303354896
"SC","PWRDIE",2033,0.01387303354896
"SC","PWRDIE",2034,0.00396372387113145
"SC","PWRDIE",2035,0.00396372387113145
"SC","PWRDIE",2036,0.00396372387113145
"SC","PWRDIE",2037,0.00396372387113145
"SC","PWRDIE",2038,0.00396372387113145
"SC","PWRDIE",2039,0.00396372387113145
"SC","PWRDIE",2040,0.00396372387113145
"SC","PWRWND",2019,0.0024
"SC","PWRWND",2020,0.0024
"SC","PWRWND",2021,0.008
"SC","PWRWND",2022,0.008
"SC","PWRWND",2023,0.008
"SC","PWRWND",2024,0.008
"SC","PWRWND",2025,0.008
"SC","PWRWND",2026,0.008
"SC","PWRWND",2027,0.008
"SC","PWRWND",2028,0.008
"SC","PWRWND",2029,0.008
"SC","PWRWND",2030,0.008
"SC","PWRWND",2031,0.008
"SC","PWRWND",2032,0.008
"SC","PWRWND",2033,0.008
"SC","PWRWND",2034,0.008
"SC","PWRWND",2035,0.008
"SC","PWRWND",2036,0.008
"SC","PWRWND",2037,0.008
"SC","PWRWND",2038,0.008
"SC","PWRWND",2039,0.008
"SC","PWRWND",2040,0.008
"SC","PWRWND",2041,0.008
"SC","PWRWND",2042,0.008
"SC","PWRWND",2043,0.008
"SC","PWRWND",2044,0.0056
"SC","PWRWND",2045,0.0056
"SC","PWRSOL",2020,0.001
"SC","PWRSOL",2021,0.00352334
"SC","PWRSOL",2022,0.00352334
"SC","PWRSOL",2023,0.00352334
"SC","PWRSOL",2024,0.00352334
"SC","PWRSOL",2025,0.00352334
"SC","PWRSOL",2026,0.00352334
"SC","PWRSOL",2027,0.00352334
"SC","PWRSOL",2028,0.00352334
"SC","PWRSOL",2029,0.00352334
"SC","PWRSOL",2030,0.00352334
"SC","PWRSOL",2031,0.00352334
"SC","PWRSOL",2032,0.00352334
"SC","PWRSOL",2033,0.00352334
"SC","PWRSOL",2034,0.00352334
"SC","PWRSOL",2035,0.00352334
"SC","PWRSOL",2036,0.00352334
"SC","PWRSOL",2037,0.00352334
"SC","PWRSOL",2038,0.00352334
"SC","PWRSOL",2039,0.00352334
"SC","PWRSOL",2040,0.00352334
"SC","PWRSOL",2041,0.00352334
"SC","PWRSOL",2042,0.00352334
"SC","PWRSOL",2043,0.00352334
"SC","PWRSOL",2044,0.00352334
"SC","PWRSOL",2045,0.00352334
"SC","PWRSOL",2046,0.00352334
"SC","PWRSOL",2047,0.00352334
"SC","PWRSOL",2048,0.00352334
"SC","PWRSOL",2049,0.00352334
"SC","PWRSOL",2050,0.00252334
"SC","IMPGSL",2019,0.0958543396370899
"SC","IMPGSL",2020,0.17617134697906
"SC","IMPGSL",2021,0.149995366917399
"SC","IMPGSL",2022,0.0943082686073235
"SC","IMPGSL",2023,0.0937207897727538
"SC","IMPGSL",2024,0.0931437833937525
"SC","IMPGSL",2025,0.0925766657047419
"SC","IMPGSL",2026,0.0885963423276083
"SC","IMPGSL",2027,0.0849562615752463
"SC","IMPGSL",2028,0.0815885790096373
"SC","IMPGSL",2029,0.0784643245666246
"SC","IMPGSL",2030,0.0755578757485961
"SC","IMPGSL",2031,0.0574370834020938
"SC","IMPGSL",2032,0.0556666381791285
"SC","IMPGSL",2033,0.0552044451695157
"SC","IMPGSL",2034,0.0479564481618707
"SC","IMPGSL",2035,0.0455484130173534
"SC","IMPGSL",2036,0.0432872871122355
"SC","IMPGSL",2037,0.0411649795945192
"SC","IMPGSL",2038,0.0410162889341824
"SC","IMPGSL",2039,0.0408370715629569
"SC","IMPGSL",2040,0.040740232507897
"SC","IMPGSL",2041,0.0407040134969113
"SC","IMPGSL",2042,0.040674974550841
"SC","IMPGSL",2043,0.0318515214949029
"SC","IMPGSL",2044,0.0316891798927115
"SC","IMPGSL",2045,0.03162000872524
"SC","IMPGSL",2046,0.0275635981021729
"SC","IMPGSL",2047,0.0273124109269464
"SC","IMPGSL",2048,0.0267133599887703
"SC","IMPGSL",2049,0.0260273143054849
"SC","IMPGSL",2050,0.0261656973122784
"SC","BAT",2019,0.00183605800953264
"SC","BAT",2020,0.00126084340685432
"SC","BAT",2021,0.00260467593211027
"SC","BAT",2022,0.00196018893492818
"SC","BAT",2023,0.00192132980098147
"SC","BAT",2024,0.00206883511838088
"SC","BAT",2025,0.00252342562540483
"SC","BAT",2026,0.00588461171633813
"SC","BAT",2027,0.00213975999834985
"SC","BAT",2028,0.00210563123469113
"SC","BAT",2029,0.00211066758661096
"SC","BAT",2030,0.00233496846027141
"SC","BAT",2031,0.00266012878297761
"SC","BAT",2032,0.00238700238153885
"SC","BAT",2033,0.00240901158600528
"SC","BAT",2034,0.0041461797286655
"SC","BAT",2035,0.0041798090182829
"SC","BAT",2036,0.00422470318008908
"SC","BAT",2037,0.00490446134083085
"SC","BAT",2038,0.0049505026381092
"SC","BAT",2039,0.00499717235690706
"SC","BAT",2040,0.00505554494648907
"SC","BAT",2041,0.00509438969841175
"SC","BAT",2042,0.00514515019585008
"SC","BAT",2043,0.00529387468656014
"SC","BAT",2044,0.00534456943490921
"SC","BAT",2045,0.00545354554731213
"SC","BAT",2046,0.00580358429062551
"SC","BAT",2047,0.00588486136813087
"SC","BAT",2048,0.00587169675939765
"SC","BAT",2049,0.00595605444771487
"SC","BAT",2050,0.00604105068927985
"SC","DEMRESELC",2019,0.0379884977186431
"SC","DEMRESELC",2020,0.0388276260983753
"SC","DEMRESELC",2021,0.0396908836923361
"SC","DEMRESELC",2022,0.0405792170014718
"SC","DEMRESELC",2023,0.0412130352689608
"SC","DEMRESELC",2024,0.0428295914122684
"SC","DEMRESELC",2025,0.044487171343135
"SC","DEMRESELC",2026,0.0456623038103604
"SC","DEMRESELC",2027,0.0468407968245107
"SC","DEMRESELC",2028,0.0480226747509568
"SC","DEMRESELC",2029,0.0492079657035883
"SC","DEMRESELC",2030,0.0503966921735167
"SC","DEMRESELC",2031,0.0509715106325003
"SC","DEMRESELC",2032,0.0515531438982988
"SC","DEMRESELC",2033,0.0521416744383213
"SC","DEMRESELC",2034,0.052737190342755
"SC","DEMRESELC",2035,0.0533397778275278
"SC","DEMRESELC",2036,0.053949521234308
"SC","DEMRESELC",2037,0.0545665105275421
"SC","DEMRESELC",2038,0.0551908375459358
"SC","DEMRESELC",2039,0.0558225922539355
"SC","DEMRESELC",2040,0.0564618646159875
"SC","DEMRESELC",2041,0.0571087502193163
"SC","DEMRESELC",2042,0.0577633427768868
"SC","DEMRESELC",2043,0.0584257378759233
"SC","DEMRESELC",2044,0.0592158356323669
"SC","DEMRESELC",2045,0.0600059333888105
"SC","DEMRESELC",2046,0.0607960292709947
"SC","DEMRESELC",2047,0.0615861270274383
"SC","DEMRESELC",2048,0.0623762247838819
"SC","DEMRESELC",2049,0.0631663225403255
"SC","DEMRESELC",2050,0.0639564202967691
"SC","DEMCOMELC",2019,0.0743512141897039
"SC","DEMCOMELC",2020,0.055397628323026
"SC","DEMCOMELC",2021,0.0580948954985424
"SC","DEMCOMELC",2022,0.0772144976312385
"SC","DEMCOMELC",2023,0.0788026962313367
"SC","DEMCOMELC",2024,0.08155614807789
"SC","DEMCOMELC",2025,0.0843133521915619
"SC","DEMCOMELC",2026,0.087020406749143
"SC","DEMCOMELC",2027,0.0897274613067241
"SC","DEMCOMELC",2028,0.0924345177385646
"SC","DEMCOMELC",2029,0.0951415722961457
"SC","DEMCOMELC",2030,0.0978486268537268
"SC","DEMCOMELC",2031,0.0984440846561223
"SC","DEMCOMELC",2032,0.0990454951060546
"SC","DEMCOMELC",2033,0.0996529200540806
"SC","DEMCOMELC",2034,0.100266419476498
"SC","DEMCOMELC",2035,0.100886053349605
"SC","DEMCOMELC",2036,0.101511883523957
"SC","DEMCOMELC",2037,0.102143973724371
"SC","DEMCOMELC",2038,0.102782382052886
"SC","DEMCOMELC",2039,0.103427175982836
"SC","DEMCOMELC",2040,0.104078419239037
"SC","DEMCOMELC",2041,0.104736171797788
"SC","DEMCOMELC",2042,0.10540050488094
"SC","DEMCOMELC",2043,0.106071480339052
"SC","DEMCOMELC",2044,0.107505895963584
"SC","DEMCOMELC",2045,0.108940311588115
"SC","DEMCOMELC",2046,0.110374727212646
"SC","DEMCOMELC",2047,0.111809142837178
"SC","DEMCOMELC",2048,0.113243558461709
"SC","DEMCOMELC",2049,0.11467797408624
"SC","DEMCOMELC",2050,0.116112389710772
"SC","PWRSOLDIST",2019,1.53647796636782e-06
"SC","PWRSOLDIST",2020,4e-05
"SC","PWRSOLDIST",2021,4e-05
"SC","PWRSOLDIST",2022,4e-05
"SC","PWRSOLDIST",2023,4e-05
"SC","PWRSOLDIST",2024,4e-05
"SC","PWRSOLDIST",2025,4e-05
"SC","PWRSOLDIST",2026,7.68238983183911e-05
"SC","PWRSOLDIST",2027,9e-05
"SC","PWRSOLDIST",2028,9e-05
"SC","PWRSOLDIST",2029,9e-05
"SC","PWRSOLDIST",2030,9e-05
"SC","PWRSOLDIST",2031,0.000138283016973104
"SC","PWRSOLDIST",2032,0.00014
"SC","PWRSOLDIST",2033,0.00014
"SC","PWRSOLDIST",2034,0.00014
"SC","PWRSOLDIST",2035,0.00014
"SC","PWRSOLDIST",2036,0.000184377355964139
"SC","PWRSOLDIST",2037,0.00019
"SC","PWRSOLDIST",2038,0.00019
"SC","PWRSOLDIST",2039,0.00019
"SC","PWRSOLDIST",2040,0.00019
"SC","PWRSOLDIST",2041,0.000245836474618851
"SC","PWRSOLDIST",2042,0.000245836474618851
"SC","PWRSOLDIST",2043,0.000245836474618851
"SC","PWRSOLDIST",2044,0.000245836474618851
"SC","PWRSOLDIST",2045,0.000245836474618851
"SC","PWRSOLDIST",2046,0.000307295593273564
"SC","PWRSOLDIST",2047,0.000307295593273564
"SC","PWRSOLDIST",2048,0.000307295593273564
"SC","PWRSOLDIST",2049,0.000307295593273564
"SC","PWRSOLDIST",2050,0.000307295593273564
"SC","TXD_neta",2019,0.939999840484461
"SC","TXD_neta",2020,0.939999840484461
"SC","TXD_neta",2021,0.939999840484461
"SC","TXD_neta",2022,1.0417363152644
"SC","TXD_neta",2023,1.08471670416566
"SC","TXD_neta",2024,1.1323641619383
"SC","TXD_neta",2025,1.17993447280746
"SC","TXD_neta",2026,1.17993447280746
"SC","TXD_neta",2027,1.17993447280746
"SC","TXD_neta",2028,1.17993447280746
"SC","TXD_neta",2029,1.17993447280746
"SC","TXD_neta",2030,1.17993447280746
"SC","TXD_neta",2031,0.867360085457879
"SC","TXD_neta",2032,0.867360085457879
"SC","TXD_neta",2033,0.867360085457879
"SC","TXD_neta",2034,0.765623610677941
"SC","TXD_neta",2035,0.72264322177668
"SC","TXD_neta",2036,0.674995764004043
"SC","TXD_neta",2037,0.637589191067781
"SC","TXD_neta",2038,0.637589191067781
"SC","TXD_neta",2039,0.637589191067781
"SC","TXD_neta",2040,0.637589191067781
"SC","TXD_neta",2041,0.637589191067781
"SC","TXD_neta",2042,0.637589191067781
"SC","TXD_neta",2043,0.468686565941694
"SC","TXD_neta",2044,0.468686565941694
"SC","TXD_neta",2045,0.468686565941694
"SC","TXD_neta",2046,0.468686565941694
"SC","TXD_neta",2047,0.468686565941694
"SC","TXD_neta",2048,0.468686565941694
"SC","TXD_neta",2049,0.458522828008793
"SC","TXD_neta",2050,0.458522828008793
"SC","TXD_Camion",2019,0.940001719518957
"SC","TXD_Camion",2020,0.940001719518957
"SC","TXD_Camion",2021,0.940001719518957
"SC","TXD_Camion",2022,1.04173691303116
"SC","TXD_Camion",2023,1.08471568499702
"SC","TXD_Camion",2024,1.1323640064804
"SC","TXD_Camion",2025,1.17993526113003
"SC","TXD_Camion",2026,1.17993526113003
"SC","TXD_Camion",2027,1.17993526113003
"SC","TXD_Camion",2028,1.17993526113003
"SC","TXD_Camion",2029,1.17993526113003
"SC","TXD_Camion",2030,1.17993526113003
"SC","TXD_Camion",2031,0.867359189525693
"SC","TXD_Camion",2032,0.867359189525693
"SC","TXD_Camion",2033,0.867359189525693
"SC","TXD_Camion",2034,0.765623996013495
"SC","TXD_Camion",2035,0.722645224047635
"SC","TXD_Camion",2036,0.674996902564253
"SC","TXD_Camion",2037,0.637587927745218
"SC","TXD_Camion",2038,0.637587927745218
"SC","TXD_Camion",2039,0.637587927745218
"SC","TXD_Camion",2040,0.637587927745218
"SC","TXD_Camion",2041,0.637587927745218
"SC","TXD_Camion",2042,0.637587927745218
"SC","TXD_Camion",2043,0.468685452473731
"SC","TXD_Camion",2044,0.468685452473731
"SC","TXD_Camion",2045,0.468685452473731
"SC","TXD_Camion",2046,0.468685452473731
"SC","TXD_Camion",2047,0.468685452473731
"SC","TXD_Camion",2048,0.468685452473731
"SC","TXD_Camion",2049,0.45852317264313
"SC","TXD_Camion",2050,0.45852317264313
"SC","TXD_Especial",2019,0.979999968000003
"SC","TXD_Especial",2020,0.979999968000003
"SC","TXD_Especial",2021,0.979999968000003
"SC","TXD_Especial",2022,1.04173743848684
"SC","TXD_Especial",2023,1.08471761166786
"SC","TXD_Especial",2024,1.13236514496771
"SC","TXD_Especial",2025,1.1799346480984
"SC","TXD_Especial",2026,1.1799346480984
"SC","TXD_Especial",2027,1.1799346480984
"SC","TXD_Especial",2028,1.1799346480984
"SC","TXD_Especial",2029,1.1799346480984
"SC","TXD_Especial",2030,1.1799346480984
"SC","TXD_Especial",2031,0.867360240437062
"SC","TXD_Especial",2032,0.867360240437062
"SC","TXD_Especial",2033,0.867360240437062
"SC","TXD_Especial",2034,0.805622769950225
"SC","TXD_Especial",2035,0.762642596769207
"SC","TXD_Especial",2036,0.714995063469351
"SC","TXD_Especial",2037,0.667425560338665
"SC","TXD_Especial",2038,0.667425560338665
"SC","TXD_Especial",2039,0.667425560338665
"SC","TXD_Especial",2040,0.667425560338665
"SC","TXD_Especial",2041,0.667425560338665
"SC","TXD_Especial",2042,0.667425560338665
"SC","TXD_Especial",2043,0.468686766112942
"SC","TXD_Especial",2044,0.468686766112942
"SC","TXD_Especial",2045,0.468686766112942
"SC","TXD_Especial",2046,0.468686766112942
"SC","TXD_Especial",2047,0.468686766112942
"SC","TXD_Especial",2048,0.468686766112942
"SC","TXD_Especial",2049,0.468686766112942
"SC","TXD_Especial",2050,0.468686766112942
"SC","TXD_Bus_furgo",2019,0.979999967999995
"SC","TXD_Bus_furgo",2020,0.979999967999995
"SC","TXD_Bus_furgo",2021,0.979999967999995
"SC","TXD_Bus_furgo",2022,1.04173655342242
"SC","TXD_Bus_furgo",2023,1.08471657487811
"SC","TXD_Bus_furgo",2024,1.13236440440361
"SC","TXD_Bus_furgo",2025,1.1799343229727
"SC","TXD_Bus_furgo",2026,1.23893118181539
"SC","TXD_Bus_furgo",2027,1.30087752686507
"SC","TXD_Bus_furgo",2028,1.36592147455535
"SC","TXD_Bus_furgo",2029,1.43421770524659
"SC","TXD_Bus_furgo",2030,1.50592860477832
"SC","TXD_Bus_furgo",2031,1.58122483524556
"SC","TXD_Bus_furgo",2032,1.66028619116308
"SC","TXD_Bus_furgo",2033,1.74330045791302
"SC","TXD_Bus_furgo",2034,1.83046540946164
"SC","TXD_Bus_furgo",2035,1.92198880835937
"SC","TXD_Bus_furgo",2036,2.01808812035269
"SC","TXD_Bus_furgo",2037,2.11899251210091
"SC","TXD_Bus_furgo",2038,2.22494228040002
"SC","TXD_Bus_furgo",2039,2.33618942295884
"SC","TXD_Bus_furgo",2040,2.45299877995153
"SC","TXD_Bus_furgo",2041,2.57564889018197
"SC","TXD_Bus_furgo",2042,2.70443113491939
"SC","TXD_Bus_furgo",2043,2.83965287716764
"SC","TXD_Bus_furgo",2044,2.9816354639484
"SC","TXD_Bus_furgo",2045,3.13071708018235
"SC","TXD_Bus_furgo",2046,3.28725303407731
"SC","TXD_Bus_furgo",2047,3.4516157571282
"SC","TXD_Bus_furgo",2048,3.6241965164458
"SC","TXD_Bus_furgo",2049,3.80540627092106
"SC","TXD_Bus_furgo",2050,3.99567652738949
"SC","TXG_auto",2019,0.919998454807278
"SC","TXG_auto",2020,0.919998454807278
"SC","TXG_auto",2021,0.919998454807278
"SC","TXG_auto",2022,1.04173735407656
"SC","TXG_auto",2023,1.08471707137849
"SC","TXG_auto",2024,1.13236246624225
"SC","TXG_auto",2025,1.17993220146988
"SC","TXG_auto",2026,1.22743636501285
"SC","TXG_auto",2027,1.28880641787198
"SC","TXG_auto",2028,1.3532482519583
"SC","TXG_auto",2029,1.42090814256834
"SC","TXG_auto",2030,1.49195254090161
"SC","TXG_auto",2031,1.56655294213335
"SC","TXG_auto",2032,1.6448808414388
"SC","TXG_auto",2033,1.72712286592045
"SC","TXG_auto",2034,1.81348077460798
"SC","TXG_auto",2035,1.90415128255536
"SC","TXG_auto",2036,1.999361368671
"SC","TXG_auto",2037,2.09932792391183
"SC","TXG_auto",2038,2.20429305911348
"SC","TXG_auto",2039,2.31450897306309
"SC","TXG_auto",2040,2.43023290852352
"SC","TXG_auto",2041,2.55174732813636
"SC","TXG_auto",2042,2.67933469454318
"SC","TXG_auto",2043,2.81330269026427
"SC","TXG_auto",2044,2.95396404179568
"SC","TXG_auto",2045,3.10166678346363
"SC","TXG_auto",2046,3.25674886164287
"SC","TXG_auto",2047,3.41958353053836
"SC","TXG_auto",2048,3.590564220258
"SC","TXG_auto",2049,3.7700944488612
"SC","TXG_auto",2050,3.95859791031032
"SC","TXG_moto",2019,0.0300001110920338
"SC","TXG_moto",2020,0.40218734926977
"SC","TXG_moto",2021,0.468916888442878
"SC","TXG_moto",2022,1.04173719559264
"SC","TXG_moto",2023,1.08471631894907
"SC","TXG_moto",2024,1.13236453537754
"SC","TXG_moto",2025,1.17993405118727
"SC","TXG_moto",2026,1.17993405118727
"SC","TXG_moto",2027,1.17993405118727
"SC","TXG_moto",2028,1.17993405118727
"SC","TXG_moto",2029,1.17993405118727
"SC","TXG_moto",2030,1.17993405118727
"SC","TXG_moto",2031,1.14993394009523
"SC","TXG_moto",2032,0.823992616411978
"SC","TXG_moto",2033,0.782792127039175
"SC","TXG_moto",2034,0.743653593877472
"SC","TXG_moto",2035,0.706469697901308
"SC","TXG_moto",2036,0.671147429288533
"SC","TXG_moto",2037,0.63758948545597
"SC","TXG_moto",2038,0.63758948545597
"SC","TXG_moto",2039,0.63758948545597
"SC","TXG_moto",2040,0.63758948545597
"SC","TXG_moto",2041,0.63758948545597
"SC","TXG_moto",2042,0.63758948545597
"SC","TXG_moto",2043,0.63758948545597
"SC","TXG_moto",2044,0.591343570961487
"SC","TXG_moto",2045,0.565814521161182
"SC","TXG_moto",2046,0.401841066547295
"SC","TXG_moto",2047,0.396045839167034
"SC","TXG_moto",2048,0.383719891351338
"SC","TXG_moto",2049,0.369708319374174
"SC","TXG_moto",2050,0.369708319374174
"SC","TXG_neta",2019,0.760000015818326
"SC","TXG_neta",2020,0.760000015818326
"SC","TXG_neta",2021,0.760000015818326
"SC","TXG_neta",2022,1.04173665065796
"SC","TXG_neta",2023,1.08471640266658
"SC","TXG_neta",2024,1.13236449877641
"SC","TXG_neta",2025,1.17993433222053
"SC","TXG_neta",2026,1.17993433222053
"SC","TXG_neta",2027,1.17993433222053
"SC","TXG_neta",2028,1.17993433222053
"SC","TXG_neta",2029,1.17993433222053
"SC","TXG_neta",2030,1.17993433222053
"SC","TXG_neta",2031,0.867360258677549
"SC","TXG_neta",2032,0.867360258677549
"SC","TXG_neta",2033,0.867360258677549
"SC","TXG_neta",2034,0.743652965461657
"SC","TXG_neta",2035,0.706470229521637
"SC","TXG_neta",2036,0.671146829621657
"SC","TXG_neta",2037,0.63758952001946
"SC","TXG_neta",2038,0.63758952001946
"SC","TXG_neta",2039,0.63758952001946
"SC","TXG_neta",2040,0.63758952001946
"SC","TXG_neta",2041,0.63758952001946
"SC","TXG_neta",2042,0.63758952001946
"SC","TXG_neta",2043,0.46868689220116
"SC","TXG_neta",2044,0.46868689220116
"SC","TXG_neta",2045,0.46868689220116
"SC","TXG_neta",2046,0.401840374430058
"SC","TXG_neta",2047,0.396043358361458
"SC","TXG_neta",2048,0.383718662151602
"SC","TXG_neta",2049,0.369706138309686
"SC","TXG_neta",2050,0.369706138309686
"SC","TXE_Camion",2024,0.207022533673352
"SC","TXE_Camion",2025,0.207022533673352
"SC","TXE_Camion",2026,0.207022533673352
"SC","TXE_Camion",2027,0.207022533673352
"SC","TXE_Camion",2028,0.207022533673352
"SC","TXE_Camion",2029,0.207022533673352
"SC","TXE_Camion",2030,0.207022533673352
"SC","TXE_Camion",2031,0.207022533673352
"SC","TXE_Camion",2032,0.207022533673352
"SC","TXE_Camion",2033,0.207022533673352
"SC","TXE_Camion",2034,0.207022533673352
"SC","TXE_Camion",2035,0.21737401066081
"SC","TXE_Camion",2036,0.228243937257114
"SC","TXE_Camion",2037,0.239656834727549
"SC","TXE_Camion",2038,0.251637224337399
"SC","TXE_Camion",2039,0.264220136465638
"SC","TXE_Camion",2040,0.27743009237755
"SC","TXE_Camion",2041,0.291302122452113
"SC","TXE_Camion",2042,0.305867754030403
"SC","TXE_Camion",2043,0.321162017491397
"SC","TXE_Camion",2044,0.337219943214073
"SC","TXE_Camion",2045,0.354080064615302
"SC","TXE_Camion",2046,0.371784418149857
"SC","TXE_Camion",2047,0.390375040272509
"SC","TXE_Camion",2048,0.409890464400131
"SC","TXE_Camion",2049,0.430386739139088
"SC","TXE_Camion",2050,0.451905900944147
"SC","TXE_neta",2023,0.00154932518880538
"SC","TXE_neta",2024,0.08321397244266
"SC","TXE_neta",2025,0.08321397244266
"SC","TXE_neta",2026,0.08321397244266
"SC","TXE_neta",2027,0.08321397244266
"SC","TXE_neta",2028,0.08321397244266
"SC","TXE_neta",2029,0.08321397244266
"SC","TXE_neta",2030,0.08321397244266
"SC","TXE_neta",2031,0.08321397244266
"SC","TXE_neta",2032,0.09707759651125
"SC","TXE_neta",2033,0.110531247182772
"SC","TXE_neta",2034,0.112065081865806
"SC","TXE_neta",2035,0.110515756677001
"SC","TXE_neta",2036,0.107228140841556
"SC","TXE_neta",2037,0.107228140841556
"SC","TXE_neta",2038,0.107228140841556
"SC","TXE_neta",2039,0.107228140841556
"SC","TXE_neta",2040,0.107228140841556
"SC","TXE_neta",2041,0.107228140841556
"SC","TXE_neta",2042,0.107228140841556
"SC","TXE_neta",2043,0.107228140841556
"SC","TXE_neta",2044,0.0933645167729664
"SC","TXE_neta",2045,0.0799108661014449
"SC","TXE_neta",2046,0.0783770314184103
"SC","TXE_neta",2047,0.0783770314184103
"SC","TXE_neta",2048,0.0195833592126323
"SC","TXE_neta",2049,0.0205625192035423
"SC","TXE_neta",2050,0.0215906132848332
"SC","TXE_auto",2019,0.979985578683096
"SC","TXE_auto",2020,0.979985578683096
"SC","TXE_auto",2021,0.979985578683096
"SC","TXE_auto",2022,1.04171459772304
"SC","TXE_auto",2023,1.08473865528491
"SC","TXE_auto",2024,1.13236729425809
"SC","TXE_auto",2025,1.17992398664671
"SC","TXE_auto",2026,1.23892018597905
"SC","TXE_auto",2027,1.300866195278
"SC","TXE_auto",2028,1.36590590771268
"SC","TXE_auto",2029,1.43418321645217
"SC","TXE_auto",2030,1.50591396125015
"SC","TXE_auto",2031,1.5812420352757
"SC","TXE_auto",2032,1.66031133169794
"SC","TXE_auto",2033,1.74326574368597
"SC","TXE_auto",2034,1.83046500416255
"SC","TXE_auto",2035,1.92198105971221
"SC","TXE_auto",2036,2.0181016966732
"SC","TXE_auto",2037,2.11897080821458
"SC","TXE_auto",2038,2.22494812725912
"SC","TXE_auto",2039,2.33617754697595
"SC","TXE_auto",2040,2.45301880028779
"SC","TXE_auto",2041,2.57561578036376
"SC","TXE_auto",2042,2.70440016671118
"SC","TXE_auto",2043,2.83965974566824
"SC","TXE_auto",2044,2.98161035698861
"SC","TXE_auto",2045,3.13068368017958
"SC","TXE_auto",2046,3.28723944816392
"SC","TXE_auto",2047,3.4516373938644
"SC","TXE_auto",2048,3.62416530361921
"SC","TXE_auto",2049,3.80539875010476
"SC","TXE_auto",2050,3.99569746624381
"SC","TXE_Especial",2024,0.387833060822103
"SC","TXE_Especial",2025,0.387833060822103
"SC","TXE_Especial",2026,0.387833060822103
"SC","TXE_Especial",2027,0.387833060822103
"SC","TXE_Especial",2028,0.387833060822103
"SC","TXE_Especial",2029,0.387833060822103
"SC","TXE_Especial",2030,0.387833060822103
"SC","TXE_Especial",2031,0.387833060822103
"SC","TXE_Especial",2032,0.387833060822103
"SC","TXE_Especial",2033,0.387833060822103
"SC","TXE_Especial",2034,0.387833060822103
"SC","TXE_Especial",2035,0.407225002863835
"SC","TXE_Especial",2036,0.42758509700452
"SC","TXE_Especial",2037,0.448965363356939
"SC","TXE_Especial",2038,0.47141204202134
"SC","TXE_Especial",2039,0.494982933123033
"SC","TXE_Especial",2040,0.519732946781065
"SC","TXE_Especial",2041,0.545719883120744
"SC","TXE_Especial",2042,0.573004432273649
"SC","TXE_Especial",2043,0.601655954390151
"SC","TXE_Especial",2044,0.631738029608092
"SC","TXE_Especial",2045,0.663325798090376
"SC","TXE_Especial",2046,0.696491509993642
"SC","TXE_Especial",2047,0.731316085493324
"SC","TXE_Especial",2048,0.767880444764858
"SC","TXE_Especial",2049,0.806274178002474
"SC","TXE_Especial",2050,0.84658976540667
"SC","TXE_Bus_furgo",2024,0.369363858043371
"SC","TXE_Bus_furgo",2025,0.369363858043371
"SC","TXE_Bus_furgo",2026,0.369363858043371
"SC","TXE_Bus_furgo",2027,0.369363858043371
"SC","TXE_Bus_furgo",2028,0.369363858043371
"SC","TXE_Bus_furgo",2029,0.369363858043371
"SC","TXE_Bus_furgo",2030,0.369363858043371
"SC","TXE_Bus_furgo",2031,0.369363858043371
"SC","TXE_Bus_furgo",2032,0.369363858043371
"SC","TXE_Bus_furgo",2033,0.369363858043371
"SC","TXE_Bus_furgo",2034,0.387832179370193
"SC","TXE_Bus_furgo",2035,0.407223731261078
"SC","TXE_Bus_furgo",2036,0.42758474659126
"SC","TXE_Bus_furgo",2037,0.448964026729042
"SC","TXE_Bus_furgo",2038,0.471412370759553
"SC","TXE_Bus_furgo",2039,0.494982860872877
"SC","TXE_Bus_furgo",2040,0.51973200391652
"SC","TXE_Bus_furgo",2041,0.545718589842941
"SC","TXE_Bus_furgo",2042,0.573004547873901
"SC","TXE_Bus_furgo",2043,0.601654661112348
"SC","TXE_Bus_furgo",2044,0.631737422706778
"SC","TXE_Bus_furgo",2045,0.663324465074986
"SC","TXE_Bus_furgo",2046,0.696490559904083
"SC","TXE_Bus_furgo",2047,0.73131504509107
"SC","TXE_Bus_furgo",2048,0.767880968578494
"SC","TXE_Bus_furgo",2049,0.806275088354448
"SC","TXE_Bus_furgo",2050,0.846588728616924
"SC","TXE_moto",2024,0.0131988092235869
"SC","TXE_moto",2025,0.0131988092235869
"SC","TXE_moto",2026,0.0131988092235869
"SC","TXE_moto",2027,0.0131988092235869
"SC","TXE_moto",2028,0.0131988092235869
"SC","TXE_moto",2029,0.0131988092235869
"SC","TXE_moto",2030,0.0131988092235869
"SC","TXE_moto",2031,0.0138584635006981
"SC","TXE_moto",2032,0.0145510289456478
"SC","TXE_moto",2033,0.0152793673991176
"SC","TXE_moto",2034,0.0160420479407668
"SC","TXE_moto",2035,0.0168447942519585
"SC","TXE_moto",2036,0.0185719151033103
"SC","TXE_moto",2037,0.0185719151033103
"SC","TXE_moto",2038,0.0195005824044929
"SC","TXE_moto",2039,0.0204750391565812
"SC","TXE_moto",2040,0.0214981472002569
"SC","TXE_moto",2041,0.0225741992965424
"SC","TXE_moto",2042,0.0237017645250969
"SC","TXE_moto",2043,0.0248879974876243
"SC","TXE_moto",2044,0.0261314672637841
"SC","TXE_moto",2045,0.0274378975349391
"SC","TXE_moto",2046,0.0288101501417713
"SC","TXE_moto",2047,0.0302510869249621
"SC","TXE_moto",2048,0.0317635697251932
"SC","TXE_moto",2049,0.033351891303487
"SC","TXE_moto",2050,0.0350189135005249
"SC","No_motor",2019,0.0649573506486375
"SC","No_motor",2020,0.0279524936509747
"SC","No_motor",2021,0.0279524936509747
"SC","No_motor",2022,0.0705412341063169
"SC","No_motor",2023,0.0711240413603943
"SC","No_motor",2024,0.0714527977135105
"SC","No_motor",2025,0.0718188195199796
"SC","No_motor",2026,0.0722215831434548
"SC","No_motor",2027,0.0726500049479271
"SC","No_motor",2028,0.0731181358420378
"SC","No_motor",2029,0.0736290303711438
"SC","No_motor",2030,0.0741675903539098
"SC","No_motor",2031,0.076924710265682
"SC","No_motor",2032,0.0796813938138318
"SC","No_motor",2033,0.0824521282706228
"SC","No_motor",2034,0.0852512263628699
"SC","No_motor",2035,0.0880715317271655
"SC","No_motor",2036,0.0908914007278388
"SC","No_motor",2037,0.0936930297290958
"SC","No_motor",2038,0.096497800548434
"SC","No_motor",2039,0.0993166222764136
"SC","No_motor",2040,0.102156651276442
"SC","No_motor",2041,0.107264462022083
"SC","No_motor",2042,0.112627632759552
"SC","No_motor",2043,0.118259079852073
"SC","No_motor",2044,0.124171981481042
"SC","No_motor",2045,0.130380563100549
"SC","No_motor",2046,0.136899661073756
"SC","No_motor",2047,0.143744635400172
"SC","No_motor",2048,0.150931806079273
"SC","No_motor",2049,0.158478453110508
"SC","No_motor",2050,0.166402380129669
"STC","MINSOL",2019,0.0101271071257185
"STC","MINSOL",2020,0.00822903803454313
"STC","MINSOL",2021,0.0254065507704348
"STC","MINSOL",2022,0.0362274298234882
"STC","MINSOL",2023,0.0362274298234882
"STC","MINSOL",2024,0.124362723776697
"STC","MINSOL",2025,0.0262532229378678
"STC","MINSOL",2026,0.000309677409445162
"STC","MINSOL",2027,0.0001999999936
"STC","MINSOL",2028,0.000747401160145135
"STC","MINSOL",2029,0.146810420328893
"STC","MINSOL",2030,0.152983783790657
"STC","MINSOL",2031,0.159669014020702
"STC","MINSOL",2032,0.159669014020702
"STC","MINSOL",2033,0.159669014020702
"STC","MINSOL",2034,0.147556164927015
"STC","MINSOL",2035,0.147922841900692
"STC","MINSOL",2036,0.11630854188586
"STC","MINSOL",2037,0.155243305299871
"STC","MINSOL",2038,0.149035263472491
"STC","MINSOL",2039,0.148749117030876
"STC","MINSOL",2040,0.155243305299871
"STC","MINSOL",2041,0.0156552704951039
"STC","MINSOL",2042,0.148777764078964
"STC","MINSOL",2043,0.0156552704951039
"STC","MINSOL",2044,0.165283846566997
"STC","MINSOL",2045,0.165283846566997
"STC","MINSOL",2046,0.18223299575172
"STC","MINSOL",2047,0.18223299575172
"STC","MINSOL",2048,0.0535537056020358
"STC","MINSOL",2049,0.139144412117995
"STC","MINSOL",2050,0.14703304398459
"STC","MINWND",2019,0.028060135090308
"STC","MINWND",2020,0.024366016793664
"STC","MINWND",2021,0.018694214000316
"STC","MINWND",2023,0.029862744881292
"STC","MINWND",2024,0.0488518425725358
"STC","MINWND",2025,0.000331782830533424
"STC","MINWND",2026,0.0129878450735616
"STC","MINWND",2028,0.0183567068897558
"STC","MINWND",2029,0.0366543198705024
"STC","MINWND",2030,0.102283821100454
"STC","MINWND",2032,0.114086570919552
"STC","MINWND",2033,0.113946915862771
"STC","MINWND",2034,0.0945552818238336
"STC","MINWND",2035,0.0370642740703488
"STC","MINWND",2036,0.0939138763926528
"STC","MINWND",2037,0.114086570919552
"STC","MINWND",2038,0.114086570919552
"STC","MINWND",2039,0.114086570919552
"STC","MINWND",2040,0.0869337684322056
"STC","MINWND",2041,0.0869337684322056
"STC","MINWND",2042,0.0869337684322056
"STC","MINWND",2043,0.0869337684322056
"STC","MINWND",2044,0.0709321822215552
"STC","MINWND",2045,0.0869337684322056
"STC","MINWND",2046,0.0869337684322056
"STC","MINWND",2047,0.0869337684322056
"STC","MINWND",2048,0.0869337684322056
"STC","IMPDSL",2019,0.452170196977078
"STC","IMPDSL",2020,0.606237702988552
"STC","IMPDSL",2021,0.543073640812398
"STC","IMPDSL",2022,0.456524213159121
"STC","IMPDSL",2023,0.477358844535294
"STC","IMPDSL",2024,0.459840409907343
"STC","IMPDSL",2025,0.475244442056041
"STC","IMPDSL",2026,0.553016856344547
"STC","IMPDSL",2027,0.422251626698725
"STC","IMPDSL",2028,0.544542885962956
"STC","IMPDSL",2029,0.540726798008009
"STC","IMPDSL",2030,0.499685786321056
"STC","IMPDSL",2031,0.516056967777533
"STC","IMPDSL",2032,0.515211135734666
"STC","IMPDSL",2033,0.514368701334305
"STC","IMPDSL",2034,0.183278316279369
"STC","IMPDSL",2035,0.180207621189949
"STC","IMPDSL",2036,0.177336524082076
"STC","IMPDSL",2037,0.167228757310304
"STC","IMPDSL",2038,0.144658114239546
"STC","IMPDSL",2039,0.143985192028521
"STC","IMPDSL",2040,0.143314597210776
"STC","IMPDSL",2041,0.0605656332628559
"STC","IMPDSL",2042,0.0603191052002285
"STC","IMPDSL",2043,0.0504156326124775
"STC","IMPDSL",2044,0.0502250438105931
"STC","IMPDSL",2045,0.0500362137796842
"STC","IMPDSL",2046,0.0483293889859687
"STC","IMPDSL",2047,0.0478563693754599
"STC","IMPDSL",2048,0.0469945037305514
"STC","IMPDSL",2049,0.0460477317522826
"STC","IMPDSL",2050,0.0458830100288719
"STC","PWRDIE",2019,0.0154997458256723
"STC","PWRDIE",2020,0.0154997458256723
"STC","PWRDIE",2021,0.0154997458256723
"STC","PWRDIE",2022,0.0158548954845256
"STC","PWRDIE",2023,0.0169068609823188
"STC","PWRDIE",2024,0.0169068609823188
"STC","PWRDIE",2025,0.0169068609823188
"STC","PWRDIE",2026,0.0208705848534502
"STC","PWRDIE",2027,0.0208705848534502
"STC","PWRDIE",2028,0.0208705848534502
"STC","PWRDIE",2029,0.0208705848534502
"STC","PWRDIE",2030,0.0208705848534502
"STC","PWRDIE",2031,0.0208705848534502
"STC","PWRDIE",2032,0.0208705848534502
"STC","PWRDIE",2033,0.0208705848534502
"STC","PWRDIE",2034,0.00537083902777796
"STC","PWRDIE",2035,0.00537083902777796
"STC","PWRDIE",2036,0.00537083902777796
"STC","PWRDIE",2037,0.00501568936892462
"STC","PWRDIE",2038,0.00396372387113142
"STC","PWRDIE",2039,0.00396372387113142
"STC","PWRDIE",2040,0.00396372387113142
"STC","PWRWND",2024,0.00655
"STC","PWRWND",2025,0.00655
"STC","PWRWND",2026,0.00655
"STC","PWRWND",2027,0.00655
"STC","PWRWND",2028,0.00655
"STC","PWRWND",2029,0.00655
"STC","PWRWND",2030,0.00655
"STC","PWRWND",2031,0.00655
"STC","PWRWND",2032,0.00655
"STC","PWRWND",2033,0.00655
"STC","PWRWND",2034,0.00655
"STC","PWRWND",2035,0.00655
"STC","PWRWND",2036,0.00655
"STC","PWRWND",2037,0.00655
"STC","PWRWND",2038,0.00655
"STC","PWRWND",2039,0.00655
"STC","PWRWND",2040,0.00655
"STC","PWRWND",2041,0.00655
"STC","PWRWND",2042,0.00655
"STC","PWRWND",2043,0.00655
"STC","PWRWND",2044,0.00655
"STC","PWRWND",2045,0.00655
"STC","PWRWND",2046,0.00655
"STC","PWRWND",2047,0.00655
"STC","PWRWND",2048,0.00655
"STC","PWRSOL",2024,0.0055
"STC","PWRSOL",2025,0.0055
"STC","PWRSOL",2026,0.0055
"STC","PWRSOL",2027,0.0055
"STC","PWRSOL",2028,0.0055
"STC","PWRSOL",2029,0.0055
"STC","PWRSOL",2030,0.0055
"STC","PWRSOL",2031,0.0055
"STC","PWRSOL",2032,0.0055
"STC","PWRSOL",2033,0.0055
"STC","PWRSOL",2034,0.0055
"STC","PWRSOL",2035,0.0055
"STC","PWRSOL",2036,0.0055
"STC","PWRSOL",2037,0.0055
"STC","PWRSOL",2038,0.0055
"STC","PWRSOL",2039,0.0055
"STC","PWRSOL",2040,0.0055
"STC","PWRSOL",2041,0.0055
"STC","PWRSOL",2042,0.0055
"STC","PWRSOL",2043,0.0055
"STC","PWRSOL",2044,0.0055
"STC","PWRSOL",2045,0.0055
"STC","PWRSOL",2046,0.0055
"STC","PWRSOL",2047,0.0055
"STC","PWRSOL",2048,0.0055
"STC","PWRSOL",2049,0.0055
"STC","PWRSOL",2050,0.0055
"STC","IMPGSL",2019,0.195489346133532
"STC","IMPGSL",2020,0.264658426677799
"STC","IMPGSL",2021,0.225492201849451
"STC","IMPGSL",2022,0.185830040332527
"STC","IMPGSL",2023,0.184687471172773
"STC","IMPGSL",2024,0.183564340611388
"STC","IMPGSL",2025,0.182459696853884
"STC","IMPGSL",2026,0.174897501680736
"STC","IMPGSL",2027,0.167913863264097
"STC","IMPGSL",2028,0.161444183766095
"STC","IMPGSL",2029,0.155433198368378
"STC","IMPGSL",2030,0.149777220658164
"STC","IMPGSL",2031,0.112887126682509
"STC","IMPGSL",2032,0.11203823469008
"STC","IMPGSL",2033,0.111199780476262
"STC","IMPGSL",2034,0.0965092786745481
"STC","IMPGSL",2035,0.0916558089247985
"STC","IMPGSL",2036,0.0870758075081026
"STC","IMPGSL",2037,0.0827532200088544
"STC","IMPGSL",2038,0.0821429651050726
"STC","IMPGSL",2039,0.0815205967192037
"STC","IMPGSL",2040,0.0809414681480085
"STC","IMPGSL",2041,0.0805391503720748
"STC","IMPGSL",2042,0.0801416321592524
"STC","IMPGSL",2043,0.0618975466526501
"STC","IMPGSL",2044,0.0615979990866707
"STC","IMPGSL",2045,0.061301839303768
"STC","IMPGSL",2046,0.0541316616608314
"STC","IMPGSL",2047,0.0532737612377316
"STC","IMPGSL",2048,0.051751387022138
"STC","IMPGSL",2049,0.0500706849642762
"STC","IMPGSL",2050,0.049849009820206
"STC","BAT",2019,0.00427802525509923
"STC","BAT",2020,0.00288675965659003
"STC","BAT",2021,0.0034767330772113
"STC","BAT",2022,0.00469158424388002
"STC","BAT",2023,0.00454721743840857
"STC","BAT",2024,0.00472342008012552
"STC","BAT",2025,0.00549303412234283
"STC","BAT",2026,0.00444806744647044
"STC","BAT",2027,0.00689715951305446
"STC","BAT",2028,0.00499223795086754
"STC","BAT",2029,0.00526295964391561
"STC","BAT",2030,0.00723737040935938
"STC","BAT",2031,0.00700398209180968
"STC","BAT",2032,0.00577893610003526
"STC","BAT",2033,0.00738098134631853
"STC","BAT",2034,0.00905018890034254
"STC","BAT",2035,0.00913758057072302
"STC","BAT",2036,0.00959839108514995
"STC","BAT",2037,0.00939135475573933
"STC","BAT",2038,0.00968936985446551
"STC","BAT",2039,0.0099184614052823
"STC","BAT",2040,0.00997760835502159
"STC","BAT",2041,0.0113803253708411
"STC","BAT",2042,0.0116186654659263
"STC","BAT",2043,0.0117186207101665
"STC","BAT",2044,0.0118722035869232
"STC","BAT",2045,0.012029641329677
"STC","BAT",2046,0.012194897932191
"STC","BAT",2047,0.0123609924675236
"STC","BAT",2048,0.0123844237068019
"STC","BAT",2049,0.0125621465969661
"STC","BAT",2050,0.012593492481361
"STC","DEMRESELC",2019,0.0853875873715191
"STC","DEMRESELC",2020,0.149481471742723
"STC","DEMRESELC",2021,0.155443475107103
"STC","DEMRESELC",2022,0.0912085708988605
"STC","DEMRESELC",2023,0.0926324404524595
"STC","DEMRESELC",2024,0.096265124495342
"STC","DEMRESELC",2025,0.0999899601955242
"STC","DEMRESELC",2026,0.102632146707144
"STC","DEMRESELC",2027,0.105281940617901
"STC","DEMRESELC",2028,0.107939397837146
"STC","DEMRESELC",2029,0.110604572410586
"STC","DEMRESELC",2030,0.113277520247572
"STC","DEMRESELC",2031,0.114570617827286
"STC","DEMRESELC",2032,0.237043056418075
"STC","DEMRESELC",2033,0.1172030351115
"STC","DEMRESELC",2034,0.118542736863238
"STC","DEMRESELC",2035,0.119898357871081
"STC","DEMRESELC",2036,0.121270097545052
"STC","DEMRESELC",2037,0.122658155295171
"STC","DEMRESELC",2038,0.12406273053146
"STC","DEMRESELC",2039,0.125484031982166
"STC","DEMRESELC",2040,0.126922264648245
"STC","DEMRESELC",2041,0.128377640985235
"STC","DEMRESELC",2042,0.129850371585026
"STC","DEMRESELC",2043,0.131340672630447
"STC","DEMRESELC",2044,0.133116806509711
"STC","DEMRESELC",2045,0.134892940388975
"STC","DEMRESELC",2046,0.136669074268239
"STC","DEMRESELC",2047,0.275448046480048
"STC","DEMRESELC",2048,0.140221342026766
"STC","DEMRESELC",2049,0.14199747590603
"STC","DEMRESELC",2050,0.142012873341519
"STC","DEMCOMELC",2019,0.13323240282187
"STC","DEMCOMELC",2020,0.0895457447756216
"STC","DEMCOMELC",2021,0.0953357452038344
"STC","DEMCOMELC",2022,0.138653192799884
"STC","DEMCOMELC",2023,0.142159001750702
"STC","DEMCOMELC",2024,0.147448686162365
"STC","DEMCOMELC",2025,0.152746624658
"STC","DEMCOMELC",2026,0.157934188774934
"STC","DEMCOMELC",2027,0.163121751028224
"STC","DEMCOMELC",2028,0.168309315145159
"STC","DEMCOMELC",2029,0.173496879262094
"STC","DEMCOMELC",2030,0.178684443379029
"STC","DEMCOMELC",2031,0.179595918632442
"STC","DEMCOMELC",2032,0.180516507110199
"STC","DEMCOMELC",2033,0.181446301994555
"STC","DEMCOMELC",2034,0.182385396467763
"STC","DEMCOMELC",2035,0.183333879984784
"STC","DEMCOMELC",2036,0.184291847591518
"STC","DEMCOMELC",2037,0.185259396197506
"STC","DEMCOMELC",2038,0.186236620848649
"STC","DEMCOMELC",2039,0.187223616590842
"STC","DEMCOMELC",2040,0.188220484060921
"STC","DEMCOMELC",2041,0.189227318304782
"STC","DEMCOMELC",2042,0.190244221822905
"STC","DEMCOMELC",2043,0.191271293388476
"STC","DEMCOMELC",2044,0.193857876186076
"STC","DEMCOMELC",2045,0.19644445712003
"STC","DEMCOMELC",2046,0.199031039917629
"STC","DEMCOMELC",2047,0.201617620851583
"STC","DEMCOMELC",2048,0.204204203649183
"STC","DEMCOMELC",2049,0.206790784583137
"STC","DEMCOMELC",2050,0.206806183882271
"STC","PWRDIST",2019,0.235075258272461
"STC","PWRDIST",2020,0.190127674330354
"STC","PWRDIST",2021,0.19843909644906
"STC","PWRDIST",2022,0.247163186772844
"STC","PWRDIST",2023,0.252463916347485
"STC","PWRDIST",2024,0.262057860922265
"STC","PWRDIST",2025,0.271759768659703
"STC","PWRDIST",2026,0.280178855357074
"STC","PWRDIST",2027,0.288606120049597
"STC","PWRDIST",2028,0.297041626862694
"STC","PWRDIST",2029,0.305485431906108
"STC","PWRDIST",2030,0.351939173616186
"STC","PWRDIST",2031,0.344997754135574
"STC","PWRDIST",2032,0.338624240783376
"STC","PWRDIST",2033,0.383643717691178
"STC","PWRDIST",2034,0.32371763953479
"STC","PWRDIST",2035,0.350497327300935
"STC","PWRDIST",2036,0.337497696232157
"STC","PWRDIST",2037,0.331094141389975
"STC","PWRDIST",2038,0.333655216537751
"STC","PWRDIST",2039,0.336244783411837
"STC","PWRDIST",2040,0.396601023025895
"STC","PWRDIST",2041,0.341510708913996
"STC","PWRDIST",2042,0.344187734847237
"STC","PWRDIST",2043,0.346894587117122
"STC","PWRDIST",2044,0.35158568031805
"STC","PWRDIST",2045,0.356276771515059
"STC","PWRDIST",2046,0.360967864715987
"STC","PWRDIST",2047,0.365658955912995
"STC","PWRDIST",2048,0.370350049113924
"STC","PWRDIST",2049,0.375041140310932
"STC","PWRDIST",2050,0.375074255079344
"STC","PWRSOLDIST",2019,4.42505654313933e-06
"STC","PWRSOLDIST",2020,5.5e-05
"STC","PWRSOLDIST",2021,5.5e-05
"STC","PWRSOLDIST",2022,5.5e-05
"STC","PWRSOLDIST",2023,5.5e-05
"STC","PWRSOLDIST",2024,5.5e-05
"STC","PWRSOLDIST",2025,5.5e-05
"STC","PWRSOLDIST",2026,0.000115
"STC","PWRSOLDIST",2027,0.000115
"STC","PWRSOLDIST",2028,0.000115
"STC","PWRSOLDIST",2029,0.000115
"STC","PWRSOLDIST",2030,0.000115
"STC","PWRSOLDIST",2031,0.000175
"STC","PWRSOLDIST",2032,0.000175
"STC","PWRSOLDIST",2033,0.000175
"STC","PWRSOLDIST",2034,0.000175
"STC","PWRSOLDIST",2035,0.000175
"STC","PWRSOLDIST",2036,0.000235
"STC","PWRSOLDIST",2037,0.000235
"STC","PWRSOLDIST",2038,0.000235
"STC","PWRSOLDIST",2039,0.000235
"STC","PWRSOLDIST",2040,0.000235
"STC","PWRSOLDIST",2041,0.000768238983183911
"STC","PWRSOLDIST",2042,0.000768238983183911
"STC","PWRSOLDIST",2043,0.000768238983183911
"STC","PWRSOLDIST",2044,0.000768238983183911
"STC","PWRSOLDIST",2045,0.000768238983183911
"STC","PWRSOLDIST",2046,0.00138283016973104
"STC","PWRSOLDIST",2047,0.00138283016973104
"STC","PWRSOLDIST",2048,0.00138283016973104
"STC","PWRSOLDIST",2049,0.00138283016973104
"STC","PWRSOLDIST",2050,0.00138283016973104
"STC","TXD_neta",2019,0.889999968000008
"STC","TXD_neta",2020,0.889999968000008
"STC","TXD_neta",2021,0.889999968000008
"STC","TXD_neta",2022,1.04173681073958
"STC","TXD_neta",2023,1.08471657331861
"STC","TXD_neta",2024,1.13236430303624
"STC","TXD_neta",2025,1.17993444773253
"STC","TXD_neta",2026,1.17993444773253
"STC","TXD_neta",2027,1.17993444773253
"STC","TXD_neta",2028,1.17993444773253
"STC","TXD_neta",2029,1.17993444773253
"STC","TXD_neta",2030,1.17993444773253
"STC","TXD_neta",2031,0.867360381581495
"STC","TXD_neta",2032,0.867360381581495
"STC","TXD_neta",2033,0.867360381581495
"STC","TXD_neta",2034,0.743652819479803
"STC","TXD_neta",2035,0.706470490405396
"STC","TXD_neta",2036,0.671146692972991
"STC","TXD_neta",2037,0.637589416805513
"STC","TXD_neta",2038,0.637589416805513
"STC","TXD_neta",2039,0.637589416805513
"STC","TXD_neta",2040,0.637589416805513
"STC","TXD_neta",2041,0.637589416805513
"STC","TXD_neta",2042,0.637589416805513
"STC","TXD_neta",2043,0.468686825334382
"STC","TXD_neta",2044,0.468686825334382
"STC","TXD_neta",2045,0.468686825334382
"STC","TXD_neta",2046,0.440657544696504
"STC","TXD_neta",2047,0.434860111191875
"STC","TXD_neta",2048,0.42253617890665
"STC","TXD_neta",2049,0.408523310377842
"STC","TXD_neta",2050,0.408523310377842
"STC","TXD_Camion",2019,0.860000631211308
"STC","TXD_Camion",2020,0.860000631211308
"STC","TXD_Camion",2021,0.860000631211308
"STC","TXD_Camion",2022,1.04173651922559
"STC","TXD_Camion",2023,1.08471659166565
"STC","TXD_Camion",2024,1.13236434533635
"STC","TXD_Camion",2025,1.17993384007196
"STC","TXD_Camion",2026,1.17993384007196
"STC","TXD_Camion",2027,1.17993384007196
"STC","TXD_Camion",2028,1.17993384007196
"STC","TXD_Camion",2029,1.17993384007196
"STC","TXD_Camion",2030,1.17993384007196
"STC","TXD_Camion",2031,0.867359694756868
"STC","TXD_Camion",2032,0.867359694756868
"STC","TXD_Camion",2033,0.867359694756868
"STC","TXD_Camion",2034,0.743653541129819
"STC","TXD_Camion",2035,0.706469935577488
"STC","TXD_Camion",2036,0.671147300973322
"STC","TXD_Camion",2037,0.637588808465422
"STC","TXD_Camion",2038,0.637588808465422
"STC","TXD_Camion",2039,0.637588808465422
"STC","TXD_Camion",2040,0.637588808465422
"STC","TXD_Camion",2041,0.637588808465422
"STC","TXD_Camion",2042,0.637588808465422
"STC","TXD_Camion",2043,0.468687456608266
"STC","TXD_Camion",2044,0.468687456608266
"STC","TXD_Camion",2045,0.468687456608266
"STC","TXD_Camion",2046,0.410657722221035
"STC","TXD_Camion",2047,0.404861255333307
"STC","TXD_Camion",2048,0.392536136266769
"STC","TXD_Camion",2049,0.378525134039063
"STC","TXD_Camion",2050,0.378525134039063
"STC","TXD_Especial",2019,0.939999968
"STC","TXD_Especial",2020,0.939999968
"STC","TXD_Especial",2021,0.939999968
"STC","TXD_Especial",2022,1.04173697586289
"STC","TXD_Especial",2023,1.08471659166565
"STC","TXD_Especial",2024,1.132364573655
"STC","TXD_Especial",2025,1.17993417711377
"STC","TXD_Especial",2026,1.22743332796079
"STC","TXD_Especial",2027,1.27486907145722
"STC","TXD_Especial",2028,1.32224581089131
"STC","TXD_Especial",2029,1.36956971086657
"STC","TXD_Especial",2030,1.41685838453596
"STC","TXD_Especial",2031,1.41969146018627
"STC","TXD_Especial",2032,1.4225307004401
"STC","TXD_Especial",2033,1.42537610529746
"STC","TXD_Especial",2034,1.42822679410071
"STC","TXD_Especial",2035,1.43108364750748
"STC","TXD_Especial",2036,1.43394578486014
"STC","TXD_Especial",2037,1.43681320615867
"STC","TXD_Especial",2038,1.43968679206074
"STC","TXD_Especial",2039,1.44256654256633
"STC","TXD_Especial",2040,1.44545157701781
"STC","TXD_Especial",2041,1.44545157701781
"STC","TXD_Especial",2042,1.44545157701781
"STC","TXD_Especial",2043,1.44545157701781
"STC","TXD_Especial",2044,1.44545157701781
"STC","TXD_Especial",2045,1.44545157701781
"STC","TXD_Especial",2046,1.44545157701781
"STC","TXD_Especial",2047,1.44545157701781
"STC","TXD_Especial",2048,1.44545157701781
"STC","TXD_Especial",2049,1.44545157701781
"STC","TXD_Especial",2050,1.44545157701781
"STC","TXD_Bus_furgo",2019,0.919999968000007
"STC","TXD_Bus_furgo",2020,0.919999968000007
"STC","TXD_Bus_furgo",2021,0.919999968000007
"STC","TXD_Bus_furgo",2022,1.04173662137197
"STC","TXD_Bus_furgo",2023,1.08471641179919
"STC","TXD_Bus_furgo",2024,1.13236440440361
"STC","TXD_Bus_furgo",2025,1.17993439092225
"STC","TXD_Bus_furgo",2026,1.17993439092225
"STC","TXD_Bus_furgo",2027,1.17993439092225
"STC","TXD_Bus_furgo",2028,1.17993439092225
"STC","TXD_Bus_furgo",2029,1.17993439092225
"STC","TXD_Bus_furgo",2030,1.17993439092225
"STC","TXD_Bus_furgo",2031,0.867360200011379
"STC","TXD_Bus_furgo",2032,0.867360200011379
"STC","TXD_Bus_furgo",2033,0.867360200011379
"STC","TXD_Bus_furgo",2034,0.745623546639413
"STC","TXD_Bus_furgo",2035,0.706470269847833
"STC","TXD_Bus_furgo",2036,0.671146763150397
"STC","TXD_Bus_furgo",2037,0.637589469160085
"STC","TXD_Bus_furgo",2038,0.637589469160085
"STC","TXD_Bus_furgo",2039,0.637589469160085
"STC","TXD_Bus_furgo",2040,0.637589469160085
"STC","TXD_Bus_furgo",2041,0.637589469160085
"STC","TXD_Bus_furgo",2042,0.637589469160085
"STC","TXD_Bus_furgo",2043,0.468686859866122
"STC","TXD_Bus_furgo",2044,0.468686859866122
"STC","TXD_Bus_furgo",2045,0.468686859866122
"STC","TXD_Bus_furgo",2046,0.468686859866122
"STC","TXD_Bus_furgo",2047,0.464860346230489
"STC","TXD_Bus_furgo",2048,0.452535860323503
"STC","TXD_Bus_furgo",2049,0.438523167795178
"STC","TXD_Bus_furgo",2050,0.438523167795178
"STC","TXG_auto",2019,0.879999968000009
"STC","TXG_auto",2020,0.879999968000009
"STC","TXG_auto",2021,0.879999968000009
"STC","TXG_auto",2022,1.0417370408979
"STC","TXG_auto",2023,1.08471753795496
"STC","TXG_auto",2024,1.13236353249809
"STC","TXG_auto",2025,1.17993513414282
"STC","TXG_auto",2026,1.17993513414282
"STC","TXG_auto",2027,1.17993513414282
"STC","TXG_auto",2028,1.17993513414282
"STC","TXG_auto",2029,1.17993513414282
"STC","TXG_auto",2030,1.17993513414282
"STC","TXG_auto",2031,0.867360087022097
"STC","TXG_auto",2032,0.867360087022097
"STC","TXG_auto",2033,0.867360087022097
"STC","TXG_auto",2034,0.743652667631991
"STC","TXG_auto",2035,0.706469502872546
"STC","TXG_auto",2036,0.67114616057338
"STC","TXG_auto",2037,0.637589649611479
"STC","TXG_auto",2038,0.637589649611479
"STC","TXG_auto",2039,0.637589649611479
"STC","TXG_auto",2040,0.637589649611479
"STC","TXG_auto",2041,0.637589649611479
"STC","TXG_auto",2042,0.637589649611479
"STC","TXG_auto",2043,0.468685887547352
"STC","TXG_auto",2044,0.468685887547352
"STC","TXG_auto",2045,0.468685887547352
"STC","TXG_auto",2046,0.430656234039564
"STC","TXG_auto",2047,0.42485890174195
"STC","TXG_auto",2048,0.412536249497984
"STC","TXG_auto",2049,0.398521158815163
"STC","TXG_auto",2050,0.398521158815163
"STC","TXG_moto",2020,0.402187793858884
"STC","TXG_moto",2021,0.468916924737473
"STC","TXG_moto",2022,1.0417365082785
"STC","TXG_moto",2023,1.0847163229643
"STC","TXG_moto",2024,1.13236432642774
"STC","TXG_moto",2025,1.17993421841009
"STC","TXG_moto",2026,1.22743353598408
"STC","TXG_moto",2027,1.27486913103403
"STC","TXG_moto",2028,1.32224579987895
"STC","TXG_moto",2029,1.36956970921472
"STC","TXG_moto",2030,1.41685798875209
"STC","TXG_moto",2031,1.41969192810103
"STC","TXG_moto",2032,1.4225313489574
"STC","TXG_moto",2033,1.42537625132123
"STC","TXG_moto",2034,1.42822663519249
"STC","TXG_moto",2035,1.43108318575964
"STC","TXG_moto",2036,1.43394521783422
"STC","TXG_moto",2037,1.43681341660468
"STC","TXG_moto",2038,1.43968709688259
"STC","TXG_moto",2039,1.44256625866794
"STC","TXG_moto",2040,1.44545158714917
"STC","TXG_moto",2041,1.44545158714917
"STC","TXG_moto",2042,1.44545158714917
"STC","TXG_moto",2043,1.44545158714917
"STC","TXG_moto",2044,1.44545158714917
"STC","TXG_moto",2045,1.44545158714917
"STC","TXG_moto",2046,1.44545158714917
"STC","TXG_moto",2047,1.44545158714917
"STC","TXG_moto",2048,1.44545158714917
"STC","TXG_moto",2049,1.44545158714917
"STC","TXG_moto",2050,1.44545158714917
"STC","TXG_neta",2019,0.559999968000001
"STC","TXG_neta",2020,0.559999968000001
"STC","TXG_neta",2021,0.559999968000001
"STC","TXG_neta",2022,1.04173661580234
"STC","TXG_neta",2023,1.08471647584999
"STC","TXG_neta",2024,1.13236440050486
"STC","TXG_neta",2025,1.17993435026391
"STC","TXG_neta",2026,1.17993435026391
"STC","TXG_neta",2027,1.17993435026391
"STC","TXG_neta",2028,1.17993435026391
"STC","TXG_neta",2029,1.17993435026391
"STC","TXG_neta",2030,1.17993435026391
"STC","TXG_neta",2031,0.867360186644253
"STC","TXG_neta",2032,0.867360186644253
"STC","TXG_neta",2033,0.867360186644253
"STC","TXG_neta",2034,0.743652916948422
"STC","TXG_neta",2035,0.706470295468156
"STC","TXG_neta",2036,0.67114679044161
"STC","TXG_neta",2037,0.637589416805513
"STC","TXG_neta",2038,0.637589416805513
"STC","TXG_neta",2039,0.637589416805513
"STC","TXG_neta",2040,0.637589416805513
"STC","TXG_neta",2041,0.637589416805513
"STC","TXG_neta",2042,0.637589416805513
"STC","TXG_neta",2043,0.468686825334382
"STC","TXG_neta",2044,0.468686825334382
"STC","TXG_neta",2045,0.468686825334382
"STC","TXG_neta",2046,0.401840409172447
"STC","TXG_neta",2047,0.396043170605058
"STC","TXG_neta",2048,0.383718750976732
"STC","TXG_neta",2049,0.369706174853784
"STC","TXG_neta",2050,0.369706174853784
"STC","TXE_Camion",2024,0.114913298020927
"STC","TXE_Camion",2025,0.114913298020927
"STC","TXE_Camion",2026,0.114913298020927
"STC","TXE_Camion",2027,0.114913298020927
"STC","TXE_Camion",2028,0.114913298020927
"STC","TXE_Camion",2029,0.114913298020927
"STC","TXE_Camion",2030,0.114913298020927
"STC","TXE_Camion",2031,0.114913298020927
"STC","TXE_Camion",2032,0.114913298020927
"STC","TXE_Camion",2033,0.114913298020927
"STC","TXE_Camion",2034,0.114913298020927
"STC","TXE_Camion",2035,0.120659360848762
"STC","TXE_Camion",2036,0.126691930964412
"STC","TXE_Camion",2037,0.133026925439421
"STC","TXE_Camion",2038,0.139677608500078
"STC","TXE_Camion",2039,0.146661223640556
"STC","TXE_Camion",2040,0.153995014355029
"STC","TXE_Camion",2041,0.161694897715043
"STC","TXE_Camion",2042,0.169779443637401
"STC","TXE_Camion",2043,0.178268548461535
"STC","TXE_Camion",2044,0.187182108526874
"STC","TXE_Camion",2045,0.196540020172852
"STC","TXE_Camion",2046,0.206367485429414
"STC","TXE_Camion",2047,0.216685727058622
"STC","TXE_Camion",2048,0.227519947090422
"STC","TXE_Camion",2049,0.238896673977389
"STC","TXE_Camion",2050,0.250841109749469
"STC","TXE_neta",2022,0.000450250541336961
"STC","TXE_neta",2023,0.00319375142703744
"STC","TXE_neta",2024,0.139673090857793
"STC","TXE_neta",2025,0.139673090857793
"STC","TXE_neta",2026,0.139673090857793
"STC","TXE_neta",2027,0.139673090857793
"STC","TXE_neta",2028,0.139673090857793
"STC","TXE_neta",2029,0.139673090857793
"STC","TXE_neta",2030,0.139673090857793
"STC","TXE_neta",2031,0.139673090857793
"STC","TXE_neta",2032,0.143400787625157
"STC","TXE_neta",2033,0.146009425311241
"STC","TXE_neta",2034,0.145559174769904
"STC","TXE_neta",2035,0.142815673884204
"STC","TXE_neta",2036,0.130609449530786
"STC","TXE_neta",2037,0.130609449530786
"STC","TXE_neta",2038,0.130609449530786
"STC","TXE_neta",2039,0.130609449530786
"STC","TXE_neta",2040,0.130609449530786
"STC","TXE_neta",2041,0.130609449530786
"STC","TXE_neta",2042,0.130609449530786
"STC","TXE_neta",2043,0.130609449530786
"STC","TXE_neta",2044,0.126881752763422
"STC","TXE_neta",2045,0.124273115077337
"STC","TXE_neta",2046,0.124273115077337
"STC","TXE_neta",2047,0.124273115077337
"STC","TXE_neta",2048,0.0699345144424858
"STC","TXE_neta",2049,0.0734312011771622
"STC","TXE_neta",2050,0.0771028440843471
"STC","TXE_auto",2019,0.800000552337747
"STC","TXE_auto",2020,0.800000552337747
"STC","TXE_auto",2021,0.800000552337747
"STC","TXE_auto",2022,1.04173395391076
"STC","TXE_auto",2023,1.08471783825283
"STC","TXE_auto",2024,1.13236473778046
"STC","TXE_auto",2025,1.17993567340156
"STC","TXE_auto",2026,1.23893041188954
"STC","TXE_auto",2027,1.30087605597741
"STC","TXE_auto",2028,1.36591869010079
"STC","TXE_auto",2029,1.43421608545019
"STC","TXE_auto",2030,1.50592601321608
"STC","TXE_auto",2031,1.58122377472125
"STC","TXE_auto",2032,1.66028467128844
"STC","TXE_auto",2033,1.7433015343727
"STC","TXE_auto",2034,1.83046719542908
"STC","TXE_auto",2035,1.92198617266746
"STC","TXE_auto",2036,2.01808635780745
"STC","TXE_auto",2037,2.11898979919121
"STC","TXE_auto",2038,2.22494191867061
"STC","TXE_auto",2039,2.33618813809753
"STC","TXE_auto",2040,2.45299725283353
"STC","TXE_auto",2041,2.57564974499505
"STC","TXE_auto",2042,2.70443194007593
"STC","TXE_auto",2043,2.83965353707973
"STC","TXE_auto",2044,2.98163592176484
"STC","TXE_auto",2045,3.13071801002195
"STC","TXE_auto",2046,3.2872504044966
"STC","TXE_auto",2047,3.45161292472143
"STC","TXE_auto",2048,3.62419707698395
"STC","TXE_auto",2049,3.80540605432655
"STC","TXE_auto",2050,3.99567811005609
"STC","TXE_Especial",2025,0.0819672104918034
"STC","TXE_Especial",2026,0.0860657911808053
"STC","TXE_Especial",2027,0.0903686844439043
"STC","TXE_Especial",2028,0.0948873388305114
"STC","TXE_Especial",2029,0.0996314415747429
"STC","TXE_Especial",2030,0.104613321883656
"STC","TXE_Especial",2031,0.109843547649016
"STC","TXE_Especial",2032,0.115336209393172
"STC","TXE_Especial",2033,0.121102755665537
"STC","TXE_Especial",2034,0.127158157646108
"STC","TXE_Especial",2035,0.13351562519959
"STC","TXE_Especial",2036,0.140191890821275
"STC","TXE_Especial",2037,0.147201045033515
"STC","TXE_Especial",2038,0.154561581646897
"STC","TXE_Especial",2039,0.162289352499065
"STC","TXE_Especial",2040,0.170403732058254
"STC","TXE_Especial",2041,0.178924094792696
"STC","TXE_Especial",2042,0.187870695828272
"STC","TXE_Especial",2043,0.197263790290862
"STC","TXE_Especial",2044,0.207127155936935
"STC","TXE_Especial",2045,0.217483689865311
"STC","TXE_Especial",2046,0.228357169832459
"STC","TXE_Especial",2047,0.239775776883082
"STC","TXE_Especial",2048,0.251764169431295
"STC","TXE_Especial",2049,0.264352289837095
"STC","TXE_Especial",2050,0.277570080460479
"STC","TXE_Bus_furgo",2024,0.159535219943797
"STC","TXE_Bus_furgo",2025,0.159535219943797
"STC","TXE_Bus_furgo",2026,0.159535219943797
"STC","TXE_Bus_furgo",2027,0.159535219943797
"STC","TXE_Bus_furgo",2028,0.159535219943797
"STC","TXE_Bus_furgo",2029,0.159535219943797
"STC","TXE_Bus_furgo",2030,0.159535219943797
"STC","TXE_Bus_furgo",2031,0.167511953761166
"STC","TXE_Bus_furgo",2032,0.175887551449224
"STC","TXE_Bus_furgo",2033,0.18468192222673
"STC","TXE_Bus_furgo",2034,0.193915994555723
"STC","TXE_Bus_furgo",2035,0.203611852040629
"STC","TXE_Bus_furgo",2036,0.218389407812396
"STC","TXE_Bus_furgo",2037,0.224482013364521
"STC","TXE_Bus_furgo",2038,0.235706124225179
"STC","TXE_Bus_furgo",2039,0.247491430436438
"STC","TXE_Bus_furgo",2040,0.259865995163306
"STC","TXE_Bus_furgo",2041,0.272859308511381
"STC","TXE_Bus_furgo",2042,0.28650228752686
"STC","TXE_Bus_furgo",2043,0.300827412095636
"STC","TXE_Bus_furgo",2044,0.315868792892851
"STC","TXE_Bus_furgo",2045,0.331662171382897
"STC","TXE_Bus_furgo",2046,0.348245327516728
"STC","TXE_Bus_furgo",2047,0.365657604084997
"STC","TXE_Bus_furgo",2048,0.383940450314471
"STC","TXE_Bus_furgo",2049,0.403137489817582
"STC","TXE_Bus_furgo",2050,0.423294384693327
"STC","TXE_moto",2024,0.00877794898432666
"STC","TXE_moto",2025,0.00877794898432666
"STC","TXE_moto",2026,0.00877794898432666
"STC","TXE_moto",2027,0.00877794898432666
"STC","TXE_moto",2028,0.00877794898432666
"STC","TXE_moto",2029,0.00877794898432666
"STC","TXE_moto",2030,0.00877794898432666
"STC","TXE_moto",2031,0.00921646957990619
"STC","TXE_moto",2032,0.00967760139369526
"STC","TXE_moto",2033,0.0101613444256939
"STC","TXE_moto",2034,0.0106690690527633
"STC","TXE_moto",2035,0.0112028308401952
"STC","TXE_moto",2036,0.0150131637027228
"STC","TXE_moto",2037,0.0150131637027228
"STC","TXE_moto",2038,0.0150131637027228
"STC","TXE_moto",2039,0.0150131637027228
"STC","TXE_moto",2040,0.0150131637027228
"STC","TXE_moto",2041,0.0150131637027228
"STC","TXE_moto",2042,0.0157634450342221
"STC","TXE_moto",2043,0.016551411729404
"STC","TXE_moto",2044,0.0173791193535604
"STC","TXE_moto",2045,0.0182479382835523
"STC","TXE_moto",2046,0.0191606092731021
"STC","TXE_moto",2047,0.0201185026990711
"STC","TXE_moto",2048,0.0211243593151816
"STC","TXE_moto",2049,0.022180919875156
"STC","TXE_moto",2050,0.023290239944286
"STC","No_motor",2019,0.335986985612053
"STC","No_motor",2020,0.144582279009731
"STC","No_motor",2021,0.144582279009731
"STC","No_motor",2022,0.365796642839962
"STC","No_motor",2023,0.369343929999176
"STC","No_motor",2024,0.371617908108227
"STC","No_motor",2025,0.374078737120389
"STC","No_motor",2026,0.376724060672103
"STC","No_motor",2027,0.379497675128802
"STC","No_motor",2028,0.382469922306417
"STC","No_motor",2029,0.385657034931702
"STC","No_motor",2030,0.388982562098013
"STC","No_motor",2031,0.402797048928676
"STC","No_motor",2032,0.41660979030485
"STC","No_motor",2033,0.430492611678782
"STC","No_motor",2034,0.444517600320891
"STC","No_motor",2035,0.458648799868693
"STC","No_motor",2036,0.472778079416556
"STC","No_motor",2037,0.486815635330991
"STC","No_motor",2038,0.50086924942673
"STC","No_motor",2039,0.514993118065675
"STC","No_motor",2040,0.529223023064863
"STC","No_motor",2041,0.555684200399924
"STC","No_motor",2042,0.583468432238101
"STC","No_motor",2043,0.612641871304551
"STC","No_motor",2044,0.643273899415235
"STC","No_motor",2045,0.675437651113268
"STC","No_motor",2046,0.709209490032569
"STC","No_motor",2047,0.744669968897834
"STC","No_motor",2048,0.781903480433634
"STC","No_motor",2049,0.820998693728042
"STC","No_motor",2050,0.862048554232628
"IS","MINSOL",2019,0.0123935317849657
"IS","MINSOL",2020,0.0032125212061165
"IS","MINSOL",2021,0.0112244332672323
"IS","MINSOL",2022,0.0149692240635019
"IS","MINSOL",2023,0.0147674420872561
"IS","MINSOL",2024,0.0496596860437443
"IS","MINSOL",2025,0.00966123774441957
"IS","MINSOL",2026,0.069633001728
"IS","MINSOL",2027,0.000239467292314084
"IS","MINSOL",2028,0.069633001728
"IS","MINSOL",2029,0.0701453626653193
"IS","MINSOL",2030,0.0698404696321215
"IS","MINSOL",2031,0.069633001728
"IS","MINSOL",2032,0.070045382373912
"IS","MINSOL",2033,0.00090474621537122
"IS","MINSOL",2034,0.0705043986259093
"IS","MINSOL",2035,0.0571370328819293
"IS","MINSOL",2036,0.0702921919404155
"IS","MINSOL",2037,0.0579712109809424
"IS","MINSOL",2038,0.058396840549044
"IS","MINSOL",2039,0.0588285644299382
"IS","MINSOL",2040,0.00187863245941247
"IS","MINSOL",2041,0.0247053702294231
"IS","MINSOL",2042,0.0601901540085921
"IS","MINSOL",2043,0.0717838257339192
"IS","MINSOL",2044,0.0703131413264651
"IS","MINSOL",2045,0.0481653770084578
"IS","MINSOL",2046,0.0633213317067641
"IS","MINSOL",2047,0.069633001728
"IS","MINSOL",2048,0.00375726491882494
"IS","MINSOL",2049,0.0428956046001393
"IS","MINSOL",2050,0.0428956046001393
"IS","IMPDSL",2019,0.208589555163223
"IS","IMPDSL",2020,0.218860555749736
"IS","IMPDSL",2021,0.216563117860236
"IS","IMPDSL",2022,0.310248720489696
"IS","IMPDSL",2023,0.310198417499717
"IS","IMPDSL",2024,0.310148227803539
"IS","IMPDSL",2025,0.294381807988513
"IS","IMPDSL",2026,0.327410419297789
"IS","IMPDSL",2027,0.279353573116915
"IS","IMPDSL",2028,0.305772517702229
"IS","IMPDSL",2029,0.264068458920981
"IS","IMPDSL",2030,0.308838899568705
"IS","IMPDSL",2031,0.277719735830315
"IS","IMPDSL",2032,0.306657554879137
"IS","IMPDSL",2033,0.24294194266465
"IS","IMPDSL",2034,0.00353001234329802
"IS","IMPDSL",2035,0.00335808790074038
"IS","IMPDSL",2036,0.00317463339412518
"IS","IMPDSL",2037,0.00299452192144753
"IS","IMPDSL",2038,0.00296102287258923
"IS","IMPDSL",2039,0.00292761724040311
"IS","IMPDSL",2040,0.00360182135533103
"IS","IMPDSL",2041,0.00288210319052812
"IS","IMPDSL",2042,0.00286998372132228
"IS","IMPDSL",2043,0.00228700385283079
"IS","IMPDSL",2044,0.00227732909469005
"IS","IMPDSL",2045,0.00226774464235347
"IS","IMPDSL",2046,0.00225824915003713
"IS","IMPDSL",2047,0.00224884129821406
"IS","IMPDSL",2048,0.0022395197926774
"IS","IMPDSL",2049,0.00223028336965849
"IS","IMPDSL",2050,0.00222113078754157
"IS","PWRDIE",2019,0.00506
"IS","PWRDIE",2020,0.00506
"IS","PWRDIE",2021,0.00506
"IS","PWRDIE",2022,0.00506
"IS","PWRDIE",2023,0.00506
"IS","PWRDIE",2024,0.00506
"IS","PWRDIE",2025,0.00513713
"IS","PWRDIE",2026,0.00544567
"IS","PWRDIE",2027,0.00544567
"IS","PWRDIE",2028,0.00544567
"IS","PWRDIE",2029,0.00544567
"IS","PWRDIE",2030,0.00544567
"IS","PWRDIE",2031,0.00544567
"IS","PWRDIE",2032,0.00544567
"IS","PWRDIE",2033,0.00544567
"IS","PWRDIE",2034,0.000385670000000001
"IS","PWRDIE",2035,0.000385670000000001
"IS","PWRDIE",2036,0.000385670000000001
"IS","PWRDIE",2037,0.000385670000000001
"IS","PWRDIE",2038,0.000385670000000001
"IS","PWRDIE",2039,0.000385670000000001
"IS","PWRDIE",2040,0.00030854
"IS","PWRSOL",2024,0.001247988
"IS","PWRSOL",2025,0.001247988
"IS","PWRSOL",2026,0.001247988
"IS","PWRSOL",2027,0.001247988
"IS","PWRSOL",2028,0.001247988
"IS","PWRSOL",2029,0.001247988
"IS","PWRSOL",2030,0.001247988
"IS","PWRSOL",2031,0.001247988
"IS","PWRSOL",2032,0.001247988
"IS","PWRSOL",2033,0.001247988
"IS","PWRSOL",2034,0.001247988
"IS","PWRSOL",2035,0.001247988
"IS","PWRSOL",2036,0.001247988
"IS","PWRSOL",2037,0.001247988
"IS","PWRSOL",2038,0.001247988
"IS","PWRSOL",2039,0.001247988
"IS","PWRSOL",2040,0.001247988
"IS","PWRSOL",2041,0.001247988
"IS","PWRSOL",2042,0.001247988
"IS","PWRSOL",2043,0.001247988
"IS","PWRSOL",2044,0.001247988
"IS","PWRSOL",2045,0.001247988
"IS","PWRSOL",2046,0.001247988
"IS","PWRSOL",2047,0.001247988
"IS","PWRSOL",2048,0.001247988
"IS","PWRSOL",2049,0.001247988
"IS","PWRSOL",2050,0.001247988
"IS","IMPGSL",2019,0.00689800357017663
"IS","IMPGSL",2020,0.0153408960117575
"IS","IMPGSL",2021,0.0129566389227951
"IS","IMPGSL",2022,0.00680342728827669
"IS","IMPGSL",2023,0.00676565076820718
"IS","IMPGSL",2024,0.00672837818080181
"IS","IMPGSL",2025,0.0066915921026213
"IS","IMPGSL",2026,0.00640814952042521
"IS","IMPGSL",2027,0.00614637467881437
"IS","IMPGSL",2028,0.00590387353024776
"IS","IMPGSL",2029,0.00567857537119534
"IS","IMPGSL",2030,0.0054686659882563
"IS","IMPGSL",2031,0.00405973127256223
"IS","IMPGSL",2032,0.00403070687136779
"IS","IMPGSL",2033,0.00400200874992063
"IS","IMPGSL",2034,0.00344711457028091
"IS","IMPGSL",2035,0.00326390004485332
"IS","IMPGSL",2036,0.0030906756852027
"IS","IMPGSL",2037,0.00292711330989445
"IS","IMPGSL",2038,0.00290651367052901
"IS","IMPGSL",2039,0.00288581589848974
"IS","IMPGSL",2040,0.00286593723149805
"IS","IMPGSL",2041,0.00285219195810975
"IS","IMPGSL",2042,0.00283859185093774
"IS","IMPGSL",2043,0.00213806758387524
"IS","IMPGSL",2044,0.00212803217926974
"IS","IMPGSL",2045,0.00211809857759908
"IS","IMPGSL",2046,0.00199745441496812
"IS","IMPGSL",2047,0.00196540814412731
"IS","IMPGSL",2048,0.00190808146160107
"IS","IMPGSL",2049,0.0018446925953515
"IS","IMPGSL",2050,0.00183649982021289
"IS","BAT",2019,0.000618148824774183
"IS","BAT",2020,0.000916988660360613
"IS","BAT",2021,0.00203030685661317
"IS","BAT",2022,0.0027979549848725
"IS","BAT",2023,0.001802479671895
"IS","BAT",2024,0.00091784355818881
"IS","BAT",2025,0.000954569596539394
"IS","BAT",2027,0.0014831269229465
"IS","BAT",2033,0.0015378659124035
"IS","BAT",2040,0.00186093371211834
"IS","BAT",2041,0.00186619470246327
"IS","BAT",2045,0.00197968477639701
"IS","BAT",2048,0.0020279833046837
"IS","BAT",2049,0.00084544927036948
"IS","BAT",2050,0.000865745126135527
"IS","DEMRESELC",2019,0.0137339089723418
"IS","DEMRESELC",2020,0.017345082952699
"IS","DEMRESELC",2021,0.0557404827411999
"IS","DEMRESELC",2022,0.0794577215366838
"IS","DEMRESELC",2023,0.0149003590360055
"IS","DEMRESELC",2024,0.0194807042308511
"IS","DEMRESELC",2025,0.0160844787956459
"IS","DEMRESELC",2026,0.0165094096659311
"IS","DEMRESELC",2027,0.0169355586450771
"IS","DEMRESELC",2028,0.0613922823120954
"IS","DEMRESELC",2029,0.0340388212986183
"IS","DEMRESELC",2030,0.0408278965121011
"IS","DEMRESELC",2031,0.0184293037816689
"IS","DEMRESELC",2032,0.0216324206377007
"IS","DEMRESELC",2033,0.0458700404258874
"IS","DEMRESELC",2034,0.0339322435431118
"IS","DEMRESELC",2035,0.0192858498691926
"IS","DEMRESELC",2036,0.0453345965206437
"IS","DEMRESELC",2037,0.0197295383957893
"IS","DEMRESELC",2038,0.0199553460884188
"IS","DEMRESELC",2039,0.0201838421615387
"IS","DEMRESELC",2040,0.0475645074623742
"IS","DEMRESELC",2041,0.0206490295977759
"IS","DEMRESELC",2042,0.0208857901022975
"IS","DEMRESELC",2043,0.021125373202977
"IS","DEMRESELC",2044,0.0214110532847131
"IS","DEMRESELC",2045,0.0461507499801333
"IS","DEMRESELC",2046,0.0219824134481854
"IS","DEMRESELC",2047,0.0544414753270186
"IS","DEMRESELC",2048,0.0225537756452284
"IS","DEMRESELC",2049,0.0500024506743357
"IS","DEMRESELC",2050,0.022856259121815
"IS","DEMCOMELC",2019,0.0260312486824251
"IS","DEMCOMELC",2020,0.0147649964346709
"IS","DEMCOMELC",2021,0.0161559547392747
"IS","DEMCOMELC",2022,0.0271469428545151
"IS","DEMCOMELC",2023,0.0506663309020692
"IS","DEMCOMELC",2024,0.0291311445770975
"IS","DEMCOMELC",2025,0.0302556481775418
"IS","DEMCOMELC",2026,0.0313621445092701
"IS","DEMCOMELC",2027,0.0324686408409984
"IS","DEMCOMELC",2028,0.0335751371727267
"IS","DEMCOMELC",2029,0.0346816335044549
"IS","DEMCOMELC",2030,0.0357881298361832
"IS","DEMCOMELC",2031,0.0561600267901304
"IS","DEMCOMELC",2032,0.0360573115586767
"IS","DEMCOMELC",2033,0.0361939248060034
"IS","DEMCOMELC",2034,0.0363319046128532
"IS","DEMCOMELC",2035,0.0364712652142212
"IS","DEMCOMELC",2036,0.0366120167779609
"IS","DEMCOMELC",2037,0.0367541776062089
"IS","DEMCOMELC",2038,0.0368977599003894
"IS","DEMCOMELC",2039,0.0370427778954974
"IS","DEMCOMELC",2040,0.037189245826528
"IS","DEMCOMELC",2041,0.037337179962047
"IS","DEMCOMELC",2042,0.0374865904699079
"IS","DEMCOMELC",2043,0.0376374976858179
"IS","DEMCOMELC",2044,0.0381464740003457
"IS","DEMCOMELC",2045,0.0386554482813027
"IS","DEMCOMELC",2046,0.0391644245958305
"IS","DEMCOMELC",2047,0.0396734009103583
"IS","DEMCOMELC",2048,0.040182377224886
"IS","DEMCOMELC",2049,0.0406913515058431
"IS","DEMCOMELC",2050,0.0412003278203709
"IS","PWRDIST",2019,0.0613341360499044
"IS","PWRDIST",2020,0.0367509295006308
"IS","PWRDIST",2021,0.0718964374804746
"IS","PWRDIST",2022,0.0882282814927364
"IS","PWRDIST",2023,0.0655666899380747
"IS","PWRDIST",2024,0.0496516610277737
"IS","PWRDIST",2025,0.0659301674556911
"IS","PWRDIST",2026,0.0478715541752012
"IS","PWRDIST",2027,0.0816805582186062
"IS","PWRDIST",2028,0.0773214971853024
"IS","PWRDIST",2029,0.0687204548030732
"IS","PWRDIST",2030,0.078264576490287
"IS","PWRDIST",2031,0.1324617691453
"IS","PWRDIST",2032,0.0546969760297942
"IS","PWRDIST",2033,0.0556411360289641
"IS","PWRDIST",2034,0.0553998126409571
"IS","PWRDIST",2035,0.0557571150834138
"IS","PWRDIST",2036,0.0561184012909089
"IS","PWRDIST",2037,0.0564837160019981
"IS","PWRDIST",2038,0.0568531059888081
"IS","PWRDIST",2039,0.0572266200570361
"IS","PWRDIST",2040,0.0576043049788086
"IS","PWRDIST",2041,0.0579862095598228
"IS","PWRDIST",2042,0.0583723805722054
"IS","PWRDIST",2043,0.058762870888795
"IS","PWRDIST",2044,0.0595575272850589
"IS","PWRDIST",2045,0.060352181647752
"IS","PWRDIST",2046,0.0611468380440159
"IS","PWRDIST",2047,0.0619414964738505
"IS","PWRDIST",2048,0.0627361528701144
"IS","PWRDIST",2049,0.0635308072328076
"IS","PWRDIST",2050,0.0640565869421858
"IS","PWRSOLDIST",2019,3.87192447524691e-06
"IS","PWRSOLDIST",2020,7.5e-06
"IS","PWRSOLDIST",2021,7.5e-06
"IS","PWRSOLDIST",2022,7.5e-06
"IS","PWRSOLDIST",2023,7.5e-06
"IS","PWRSOLDIST",2024,7.5e-06
"IS","PWRSOLDIST",2025,7.5e-06
"IS","PWRSOLDIST",2026,2.7e-05
"IS","PWRSOLDIST",2027,2.7e-05
"IS","PWRSOLDIST",2028,2.7e-05
"IS","PWRSOLDIST",2029,2.7e-05
"IS","PWRSOLDIST",2030,2.7e-05
"IS","PWRSOLDIST",2031,4.7e-05
"IS","PWRSOLDIST",2032,4.7e-05
"IS","PWRSOLDIST",2033,4.7e-05
"IS","PWRSOLDIST",2034,4.7e-05
"IS","PWRSOLDIST",2035,4.7e-05
"IS","PWRSOLDIST",2036,9.21886779820693e-05
"IS","PWRSOLDIST",2037,9.21886779820693e-05
"IS","PWRSOLDIST",2038,9.21886779820693e-05
"IS","PWRSOLDIST",2039,9.21886779820693e-05
"IS","PWRSOLDIST",2040,9.21886779820693e-05
"IS","PWRSOLDIST",2041,0.000122918237309426
"IS","PWRSOLDIST",2042,0.000122918237309426
"IS","PWRSOLDIST",2043,0.000122918237309426
"IS","PWRSOLDIST",2044,0.000122918237309426
"IS","PWRSOLDIST",2045,0.000122918237309426
"IS","PWRSOLDIST",2046,0.000184377355964139
"IS","PWRSOLDIST",2047,0.000184377355964139
"IS","PWRSOLDIST",2048,0.000184377355964139
"IS","PWRSOLDIST",2049,0.000184377355964139
"IS","PWRSOLDIST",2050,0.000184377355964139
"IS","TXD_neta",2019,0.970002784215123
"IS","TXD_neta",2020,0.970002784215123
"IS","TXD_neta",2021,0.970002784215123
"IS","TXD_neta",2022,1.04173909220136
"IS","TXD_neta",2023,1.08471453483768
"IS","TXD_neta",2024,1.13236489456287
"IS","TXD_neta",2025,1.17993780837244
"IS","TXD_neta",2026,1.17993780837244
"IS","TXD_neta",2027,1.17993780837244
"IS","TXD_neta",2028,1.17993780837244
"IS","TXD_neta",2029,1.17993780837244
"IS","TXD_neta",2030,1.17993780837244
"IS","TXD_neta",2031,0.867359052355975
"IS","TXD_neta",2032,0.867359052355975
"IS","TXD_neta",2033,0.867359052355975
"IS","TXD_neta",2034,0.795622744369733
"IS","TXD_neta",2035,0.752647301733415
"IS","TXD_neta",2036,0.704996942008225
"IS","TXD_neta",2037,0.657424028198656
"IS","TXD_neta",2038,0.657424028198656
"IS","TXD_neta",2039,0.657424028198656
"IS","TXD_neta",2040,0.657424028198656
"IS","TXD_neta",2041,0.657424028198656
"IS","TXD_neta",2042,0.657424028198656
"IS","TXD_neta",2043,0.468688600311193
"IS","TXD_neta",2044,0.468688600311193
"IS","TXD_neta",2045,0.468688600311193
"IS","TXD_neta",2046,0.468688600311193
"IS","TXD_neta",2047,0.468688600311193
"IS","TXD_neta",2048,0.468688600311193
"IS","TXD_neta",2049,0.468688600311193
"IS","TXD_neta",2050,0.468688600311193
"IS","TXD_Camion",2019,0.969999968000003
"IS","TXD_Camion",2020,0.969999968000003
"IS","TXD_Camion",2021,0.969999968000003
"IS","TXD_Camion",2022,1.041725679151
"IS","TXD_Camion",2023,1.08471103441222
"IS","TXD_Camion",2024,1.1323675699155
"IS","TXD_Camion",2025,1.17994537766189
"IS","TXD_Camion",2026,1.22744445765139
"IS","TXD_Camion",2027,1.27486480988401
"IS","TXD_Camion",2028,1.322258919531
"IS","TXD_Camion",2029,1.36957430142109
"IS","TXD_Camion",2030,1.41686344072556
"IS","TXD_Camion",2031,1.41969763997355
"IS","TXD_Camion",2032,1.42253183922154
"IS","TXD_Camion",2033,1.42536603846954
"IS","TXD_Camion",2034,1.42822648030315
"IS","TXD_Camion",2035,1.43108692213678
"IS","TXD_Camion",2036,1.4339473639704
"IS","TXD_Camion",2037,1.43680780580403
"IS","TXD_Camion",2038,1.43969449022327
"IS","TXD_Camion",2039,1.44255493205689
"IS","TXD_Camion",2040,1.44544161647615
"IS","TXD_Camion",2041,1.44544161647615
"IS","TXD_Camion",2042,1.44544161647615
"IS","TXD_Camion",2043,1.44544161647615
"IS","TXD_Camion",2044,1.44544161647615
"IS","TXD_Camion",2045,1.44544161647615
"IS","TXD_Camion",2046,1.44544161647615
"IS","TXD_Camion",2047,1.44544161647615
"IS","TXD_Camion",2048,1.44544161647615
"IS","TXD_Camion",2049,1.44544161647615
"IS","TXD_Camion",2050,1.44544161647615
"IS","TXD_Especial",2019,0.979999968000002
"IS","TXD_Especial",2020,0.979999968000002
"IS","TXD_Especial",2021,0.979999968000002
"IS","TXD_Especial",2022,1.04173272321346
"IS","TXD_Especial",2023,1.08471517797837
"IS","TXD_Especial",2024,1.13235997337755
"IS","TXD_Especial",2025,1.17993267072569
"IS","TXD_Especial",2026,1.17993267072569
"IS","TXD_Especial",2027,1.17993267072569
"IS","TXD_Especial",2028,1.17993267072569
"IS","TXD_Especial",2029,1.17993267072569
"IS","TXD_Especial",2030,1.17993267072569
"IS","TXD_Especial",2031,0.867363586760107
"IS","TXD_Especial",2032,0.867363586760107
"IS","TXD_Especial",2033,0.867363586760107
"IS","TXD_Especial",2034,0.805630831546649
"IS","TXD_Especial",2035,0.762648376781736
"IS","TXD_Especial",2036,0.715003581382556
"IS","TXD_Especial",2037,0.667430884034416
"IS","TXD_Especial",2038,0.667430884034416
"IS","TXD_Especial",2039,0.667430884034416
"IS","TXD_Especial",2040,0.667430884034416
"IS","TXD_Especial",2041,0.667430884034416
"IS","TXD_Especial",2042,0.667430884034416
"IS","TXD_Especial",2043,0.468685397162606
"IS","TXD_Especial",2044,0.468685397162606
"IS","TXD_Especial",2045,0.468685397162606
"IS","TXD_Especial",2046,0.468685397162606
"IS","TXD_Especial",2047,0.468685397162606
"IS","TXD_Especial",2048,0.468685397162606
"IS","TXD_Especial",2049,0.468685397162606
"IS","TXD_Especial",2050,0.468685397162606
"IS","TXD_Bus_furgo",2019,0.989999968000001
"IS","TXD_Bus_furgo",2020,0.989999968000001
"IS","TXD_Bus_furgo",2021,0.989999968000001
"IS","TXD_Bus_furgo",2022,1.04173639487347
"IS","TXD_Bus_furgo",2023,1.08471584555292
"IS","TXD_Bus_furgo",2024,1.13236297746302
"IS","TXD_Bus_furgo",2025,1.17993400587479
"IS","TXD_Bus_furgo",2026,1.17993400587479
"IS","TXD_Bus_furgo",2027,1.17993400587479
"IS","TXD_Bus_furgo",2028,1.17993400587479
"IS","TXD_Bus_furgo",2029,1.17993400587479
"IS","TXD_Bus_furgo",2030,1.17993400587479
"IS","TXD_Bus_furgo",2031,0.867357912376458
"IS","TXD_Bus_furgo",2032,0.867357912376458
"IS","TXD_Bus_furgo",2033,0.867357912376458
"IS","TXD_Bus_furgo",2034,0.815621485502992
"IS","TXD_Bus_furgo",2035,0.77264203482354
"IS","TXD_Bus_furgo",2036,0.724994902913443
"IS","TXD_Bus_furgo",2037,0.677423874501672
"IS","TXD_Bus_furgo",2038,0.677423874501672
"IS","TXD_Bus_furgo",2039,0.677423874501672
"IS","TXD_Bus_furgo",2040,0.677423874501672
"IS","TXD_Bus_furgo",2041,0.677423874501672
"IS","TXD_Bus_furgo",2042,0.677423874501672
"IS","TXD_Bus_furgo",2043,0.468689736397159
"IS","TXD_Bus_furgo",2044,0.468689736397159
"IS","TXD_Bus_furgo",2045,0.468689736397159
"IS","TXD_Bus_furgo",2046,0.468689736397159
"IS","TXD_Bus_furgo",2047,0.468689736397159
"IS","TXD_Bus_furgo",2048,0.468689736397159
"IS","TXD_Bus_furgo",2049,0.468689736397159
"IS","TXD_Bus_furgo",2050,0.468689736397159
"IS","TXG_auto",2019,0.989928620970326
"IS","TXG_auto",2020,0.989928620970326
"IS","TXG_auto",2021,0.989928620970326
"IS","TXG_auto",2022,1.04166663333334
"IS","TXG_auto",2023,1.08465321871575
"IS","TXG_auto",2024,1.1322773610274
"IS","TXG_auto",2025,1.17990150333904
"IS","TXG_auto",2026,1.17990150333904
"IS","TXG_auto",2027,1.17990150333904
"IS","TXG_auto",2028,1.17990150333904
"IS","TXG_auto",2029,1.17990150333904
"IS","TXG_auto",2030,1.17990150333904
"IS","TXG_auto",2031,0.867401513339042
"IS","TXG_auto",2032,0.867401513339042
"IS","TXG_auto",2033,0.867401513339042
"IS","TXG_auto",2034,0.81566350097603
"IS","TXG_auto",2035,0.772676915593614
"IS","TXG_auto",2036,0.725052773281968
"IS","TXG_auto",2037,0.677428630970324
"IS","TXG_auto",2038,0.677428630970324
"IS","TXG_auto",2039,0.677428630970324
"IS","TXG_auto",2040,0.677428630970324
"IS","TXG_auto",2041,0.677428630970324
"IS","TXG_auto",2042,0.677428630970324
"IS","TXG_auto",2043,0.468749985000001
"IS","TXG_auto",2044,0.468749985000001
"IS","TXG_auto",2045,0.468749985000001
"IS","TXG_auto",2046,0.468749985000001
"IS","TXG_auto",2047,0.468749985000001
"IS","TXG_auto",2048,0.468749985000001
"IS","TXG_auto",2049,0.468749985000001
"IS","TXG_auto",2050,0.468749985000001
"IS","TXG_moto",2019,0.799982088188667
"IS","TXG_moto",2020,0.799982088188667
"IS","TXG_moto",2021,0.799982088188667
"IS","TXG_moto",2022,1.04174932746075
"IS","TXG_moto",2023,1.08473239390342
"IS","TXG_moto",2024,1.13236421129246
"IS","TXG_moto",2025,1.17992450943618
"IS","TXG_moto",2026,1.22744904795723
"IS","TXG_moto",2027,1.27486630761029
"IS","TXG_moto",2028,1.32224780764069
"IS","TXG_moto",2029,1.36955778842576
"IS","TXG_moto",2030,1.41686776921082
"IS","TXG_moto",2031,1.41969277940131
"IS","TXG_moto",2032,1.42251778959181
"IS","TXG_moto",2033,1.42537855940496
"IS","TXG_moto",2034,1.42823932921812
"IS","TXG_moto",2035,1.43106433940861
"IS","TXG_moto",2036,1.43396086884443
"IS","TXG_moto",2037,1.43682163865758
"IS","TXG_moto",2038,1.43968240847074
"IS","TXG_moto",2039,1.44257893790656
"IS","TXG_moto",2040,1.44543970771972
"IS","TXG_moto",2041,1.44543970771972
"IS","TXG_moto",2042,1.44543970771972
"IS","TXG_moto",2043,1.44543970771972
"IS","TXG_moto",2044,1.44543970771972
"IS","TXG_moto",2045,1.44543970771972
"IS","TXG_moto",2046,1.44543970771972
"IS","TXG_moto",2047,1.44543970771972
"IS","TXG_moto",2048,1.44543970771972
"IS","TXG_moto",2049,1.44543970771972
"IS","TXG_moto",2050,1.44543970771972
"IS","TXG_neta",2019,0.890000672053528
"IS","TXG_neta",2020,0.890000672053528
"IS","TXG_neta",2021,0.890000672053528
"IS","TXG_neta",2022,1.04173696534749
"IS","TXG_neta",2023,1.08471591312295
"IS","TXG_neta",2024,1.13236449594011
"IS","TXG_neta",2025,1.17993387273508
"IS","TXG_neta",2026,1.17993387273508
"IS","TXG_neta",2027,1.17993387273508
"IS","TXG_neta",2028,1.17993387273508
"IS","TXG_neta",2029,1.17993387273508
"IS","TXG_neta",2030,1.17993387273508
"IS","TXG_neta",2031,0.867360507156191
"IS","TXG_neta",2032,0.867360507156191
"IS","TXG_neta",2033,0.867360507156191
"IS","TXG_neta",2034,0.743653021428335
"IS","TXG_neta",2035,0.706470194343536
"IS","TXG_neta",2036,0.671146068579521
"IS","TXG_neta",2037,0.637589117177309
"IS","TXG_neta",2038,0.637589117177309
"IS","TXG_neta",2039,0.637589117177309
"IS","TXG_neta",2040,0.637589117177309
"IS","TXG_neta",2041,0.637589117177309
"IS","TXG_neta",2042,0.637589117177309
"IS","TXG_neta",2043,0.468686675186428
"IS","TXG_neta",2044,0.468686675186428
"IS","TXG_neta",2045,0.468686675186428
"IS","TXG_neta",2046,0.440657867620326
"IS","TXG_neta",2047,0.434861746929666
"IS","TXG_neta",2048,0.422537289876517
"IS","TXG_neta",2049,0.408524864483755
"IS","TXG_neta",2050,0.408524864483755
"IS","TXE_Camion",2024,0.267464432736473
"IS","TXE_Camion",2025,0.267464432736473
"IS","TXE_Camion",2026,0.267464432736473
"IS","TXE_Camion",2027,0.267464432736473
"IS","TXE_Camion",2028,0.267464432736473
"IS","TXE_Camion",2029,0.267464432736473
"IS","TXE_Camion",2030,0.267464432736473
"IS","TXE_Camion",2031,0.267464432736473
"IS","TXE_Camion",2032,0.267464432736473
"IS","TXE_Camion",2033,0.267464432736473
"IS","TXE_Camion",2034,0.267464432736473
"IS","TXE_Camion",2035,0.280848151407548
"IS","TXE_Camion",2036,0.294887934719362
"IS","TXE_Camion",2037,0.309636267843174
"IS","TXE_Camion",2038,0.325119393364615
"IS","TXE_Camion",2039,0.341363553869313
"IS","TXE_Camion",2040,0.358447477114155
"IS","TXE_Camion",2041,0.376344920513515
"IS","TXE_Camion",2042,0.39518709699554
"IS","TXE_Camion",2043,0.414921521388968
"IS","TXE_Camion",2044,0.43567940662195
"IS","TXE_Camion",2045,0.457460752694485
"IS","TXE_Camion",2046,0.48034428736346
"IS","TXE_Camion",2047,0.504356253214508
"IS","TXE_Camion",2048,0.529575378004514
"IS","TXE_Camion",2049,0.55605414690474
"IS","TXE_Camion",2050,0.583845045086443
"IS","TXE_neta",2024,0.0689109994412772
"IS","TXE_neta",2025,0.0689109994412772
"IS","TXE_neta",2026,0.0689109994412772
"IS","TXE_neta",2027,0.0689109994412772
"IS","TXE_neta",2028,0.0689109994412772
"IS","TXE_neta",2029,0.0689109994412772
"IS","TXE_neta",2030,0.0689109994412772
"IS","TXE_neta",2031,0.0689109994412772
"IS","TXE_neta",2032,0.0689109994412772
"IS","TXE_neta",2033,0.0689109994412772
"IS","TXE_neta",2034,0.072357341473563
"IS","TXE_neta",2035,0.0759744164870192
"IS","TXE_neta",2036,0.0797727852846049
"IS","TXE_neta",2037,0.0837612485354525
"IS","TXE_neta",2038,0.087950367042521
"IS","TXE_neta",2039,0.0923471813411164
"IS","TXE_neta",2040,0.0969657725018508
"IS","TXE_neta",2041,0.10181318106003
"IS","TXE_neta",2042,0.106903488086266
"IS","TXE_neta",2043,0.112249014517345
"IS","TXE_neta",2044,0.117862081290051
"IS","TXE_neta",2045,0.123755009341171
"IS","TXE_neta",2046,0.129941879741317
"IS","TXE_neta",2047,0.136438533694926
"IS","TXE_neta",2048,0.143260812406438
"IS","TXE_neta",2049,0.15042455708029
"IS","TXE_neta",2050,0.157945608920922
"IS","TXE_auto",2019,0.999769738929436
"IS","TXE_auto",2020,0.999769738929436
"IS","TXE_auto",2021,0.999769738929436
"IS","TXE_auto",2022,1.04178654430759
"IS","TXE_auto",2023,1.08495449503856
"IS","TXE_auto",2024,1.13215145450443
"IS","TXE_auto",2025,1.17992398664672
"IS","TXE_auto",2026,1.23920797231726
"IS","TXE_auto",2027,1.30079424869345
"IS","TXE_auto",2028,1.36583396112812
"IS","TXE_auto",2029,1.43432710962127
"IS","TXE_auto",2030,1.50569812149649
"IS","TXE_auto",2031,1.5810981421066
"IS","TXE_auto",2032,1.6605271714516
"IS","TXE_auto",2033,1.74340963685507
"IS","TXE_auto",2034,1.83032111099344
"IS","TXE_auto",2035,1.92183716654311
"IS","TXE_auto",2036,2.01795780350409
"IS","TXE_auto",2037,2.11925859455278
"IS","TXE_auto",2038,2.22516396701278
"IS","TXE_auto",2039,2.3362494935605
"IS","TXE_auto",2040,2.45309074687234
"IS","TXE_auto",2041,2.57568772694832
"IS","TXE_auto",2042,2.70461600646484
"IS","TXE_auto",2043,2.8398755854219
"IS","TXE_auto",2044,2.9814664638195
"IS","TXE_auto",2045,3.13053978701048
"IS","TXE_auto",2046,3.28709555499482
"IS","TXE_auto",2047,3.45170934044894
"IS","TXE_auto",2048,3.62438114337286
"IS","TXE_auto",2049,3.80568653644297
"IS","TXE_auto",2050,3.99562551965927
"IS","TXE_Especial",2024,0.40824319770286
"IS","TXE_Especial",2025,0.40824319770286
"IS","TXE_Especial",2026,0.40824319770286
"IS","TXE_Especial",2027,0.40824319770286
"IS","TXE_Especial",2028,0.40824319770286
"IS","TXE_Especial",2029,0.40824319770286
"IS","TXE_Especial",2030,0.40824319770286
"IS","TXE_Especial",2031,0.40824319770286
"IS","TXE_Especial",2032,0.40824319770286
"IS","TXE_Especial",2033,0.40824319770286
"IS","TXE_Especial",2034,0.40824319770286
"IS","TXE_Especial",2035,0.428658962490556
"IS","TXE_Especial",2036,0.450084099992887
"IS","TXE_Especial",2037,0.472590708260898
"IS","TXE_Especial",2038,0.496226852661956
"IS","TXE_Especial",2039,0.521040598563424
"IS","TXE_Especial",2040,0.547092027674501
"IS","TXE_Especial",2041,0.574441221704399
"IS","TXE_Especial",2042,0.603160278704157
"IS","TXE_Especial",2043,0.633321296724826
"IS","TXE_Especial",2044,0.664984357475608
"IS","TXE_Especial",2045,0.698233575349388
"IS","TXE_Especial",2046,0.733153064739053
"IS","TXE_Especial",2047,0.76980290735381
"IS","TXE_Especial",2048,0.808291250270224
"IS","TXE_Especial",2049,0.848714224223024
"IS","TXE_Especial",2050,0.891143927263254
"IS","TXE_Bus_furgo",2024,1.23121507982994
"IS","TXE_Bus_furgo",2025,1.23121507982994
"IS","TXE_Bus_furgo",2026,1.23121507982994
"IS","TXE_Bus_furgo",2027,1.23121507982994
"IS","TXE_Bus_furgo",2028,1.23121507982994
"IS","TXE_Bus_furgo",2029,1.23121507982994
"IS","TXE_Bus_furgo",2030,1.23121507982994
"IS","TXE_Bus_furgo",2031,1.23121507982994
"IS","TXE_Bus_furgo",2032,1.23121507982994
"IS","TXE_Bus_furgo",2033,1.23121507982994
"IS","TXE_Bus_furgo",2034,1.29277646801725
"IS","TXE_Bus_furgo",2035,1.35741370592857
"IS","TXE_Bus_furgo",2036,1.42528534251872
"IS","TXE_Bus_furgo",2037,1.49654992674257
"IS","TXE_Bus_furgo",2038,1.57137234951315
"IS","TXE_Bus_furgo",2039,1.64994286957626
"IS","TXE_Bus_furgo",2040,1.73243906176134
"IS","TXE_Bus_furgo",2041,1.81906386873059
"IS","TXE_Bus_furgo",2042,1.91001389118803
"IS","TXE_Bus_furgo",2043,2.00551743962862
"IS","TXE_Bus_furgo",2044,2.10579014063095
"IS","TXE_Bus_furgo",2045,2.21107933056459
"IS","TXE_Bus_furgo",2046,2.32163234579909
"IS","TXE_Bus_furgo",2047,2.43771554857859
"IS","TXE_Bus_furgo",2048,2.55960164310543
"IS","TXE_Bus_furgo",2049,2.68758235945652
"IS","TXE_Bus_furgo",2050,2.82196211162517
"IS","TXE_moto",2024,0.0641170034373581
"IS","TXE_moto",2025,0.0641170034373581
"IS","TXE_moto",2026,0.0641170034373581
"IS","TXE_moto",2027,0.0641170034373581
"IS","TXE_moto",2028,0.0641170034373581
"IS","TXE_moto",2029,0.0641170034373581
"IS","TXE_moto",2030,0.0641170034373581
"IS","TXE_moto",2031,0.0673353694771587
"IS","TXE_moto",2032,0.070696774007617
"IS","TXE_moto",2033,0.0742369766513974
"IS","TXE_moto",2034,0.0779559774085002
"IS","TXE_moto",2035,0.0818537762789251
"IS","TXE_moto",2036,0.0859303732626723
"IS","TXE_moto",2037,0.0902572876050708
"IS","TXE_moto",2038,0.0947630000607913
"IS","TXE_moto",2039,0.0994832702524988
"IS","TXE_moto",2040,0.104453857802857
"IS","TXE_moto",2041,0.109674762711867
"IS","TXE_moto",2042,0.115181744602192
"IS","TXE_moto",2043,0.120939043851168
"IS","TXE_moto",2044,0.12698242008146
"IS","TXE_moto",2045,0.133347632915732
"IS","TXE_moto",2046,0.13999892273132
"IS","TXE_moto",2047,0.147007808773553
"IS","TXE_moto",2048,0.154338531419764
"IS","TXE_moto",2049,0.162062609915286
"IS","TXE_moto",2050,0.170180044260115
"IS","No_motor",2019,0.00515944128944333
"IS","No_motor",2020,0.0022202181107712
"IS","No_motor",2021,0.0022202181107712
"IS","No_motor",2022,0.00561267472948532
"IS","No_motor",2023,0.00570085509029991
"IS","No_motor",2024,0.00577272417890919
"IS","No_motor",2025,0.00584702817653146
"IS","No_motor",2026,0.00592373217407693
"IS","No_motor",2027,0.00600211180793242
"IS","No_motor",2028,0.00608307471443252
"IS","No_motor",2029,0.00616683907538842
"IS","No_motor",2030,0.00625241870901351
"IS","No_motor",2031,0.00643294233960039
"IS","No_motor",2032,0.00661344851564237
"IS","No_motor",2033,0.00679486232801895
"IS","No_motor",2034,0.00697813504942695
"IS","No_motor",2035,0.00716278667988174
"IS","No_motor",2036,0.00734742085579162
"IS","No_motor",2037,0.00753085939537614
"IS","No_motor",2038,0.0077145073894994
"IS","No_motor",2039,0.0078990717472297
"IS","No_motor",2040,0.00808502374127924
"IS","No_motor",2041,0.0084892710010706
"IS","No_motor",2042,0.00891373935112398
"IS","No_motor",2043,0.00935942370049844
"IS","No_motor",2044,0.0098273975037051
"IS","No_motor",2045,0.0103187691243448
"IS","No_motor",2046,0.0108347080169257
"IS","No_motor",2047,0.0113764359995904
"IS","No_motor",2048,0.0119452621632062
"IS","No_motor",2049,0.0125425217804575
"IS","No_motor",2050,0.0131696461240259
"FL","MINSOL",2019,0.000642601574875024
"FL","MINSOL",2020,0.000631342045297872
"FL","MINSOL",2021,0.000381735329129626
"FL","MINSOL",2022,0.000549734791808952
"FL","MINSOL",2023,0.000631342045297872
"FL","MINSOL",2024,0.000631342045297872
"FL","MINSOL",2025,3.1516701273288e-05
"FL","MINSOL",2026,0.000105570462137184
"FL","MINSOL",2027,0.000105570462137184
"FL","MINSOL",2028,0.000105570462137184
"FL","MINSOL",2029,0.000105570462137184
"FL","MINSOL",2030,7.67999975424001e-05
"FL","MINSOL",2031,0.00027796413658776
"FL","MINSOL",2032,0.000249415552141277
"FL","MINSOL",2033,0.000226971647891332
"FL","MINSOL",2034,0.000211138645859541
"FL","MINSOL",2035,0.000234065028198436
"FL","MINSOL",2036,0.000315860946900192
"FL","MINSOL",2037,0.000315860946900192
"FL","MINSOL",2038,0.000297516756932064
"FL","MINSOL",2039,0.000306470226672432
"FL","MINSOL",2040,0.000489463051726944
"FL","MINSOL",2041,0.000489463051726944
"FL","MINSOL",2042,0.000489463051726944
"FL","MINSOL",2043,0.000489463051726944
"FL","MINSOL",2044,0.000489463051726944
"FL","MINSOL",2045,0.000489463051726944
"FL","MINSOL",2046,0.000519642202964832
"FL","MINSOL",2047,0.000517270234661208
"FL","MINSOL",2048,0.000519642202964832
"FL","MINSOL",2049,0.000505854515829456
"FL","MINSOL",2050,0.000503876008432368
"FL","IMPDSL",2019,0.005403252096
"FL","IMPDSL",2020,0.005403252096
"FL","IMPDSL",2021,0.005403252096
"FL","IMPDSL",2022,0.005403252096
"FL","IMPDSL",2023,0.005403252096
"FL","IMPDSL",2024,0.005403252096
"FL","IMPDSL",2025,0.005465635097472
"FL","IMPDSL",2026,0.005714921500992
"FL","IMPDSL",2027,0.005714921500992
"FL","PWRDIE",2025,5.07999999999997e-06
"FL","PWRDIE",2026,0.00046538
"FL","PWRDIE",2027,0.00046538
"FL","PWRDIE",2028,0.00046538
"FL","PWRDIE",2029,0.00046538
"FL","PWRDIE",2030,0.00046538
"FL","PWRDIE",2031,0.00046538
"FL","PWRDIE",2032,0.00046538
"FL","PWRDIE",2033,0.00046538
"FL","PWRDIE",2034,0.00046538
"FL","PWRDIE",2035,0.00046538
"FL","PWRDIE",2036,0.00046538
"FL","PWRDIE",2037,0.00046538
"FL","PWRDIE",2038,0.00046538
"FL","PWRDIE",2039,0.00046538
"FL","PWRDIE",2040,0.0004603
"FL","PWRSOL",2025,0.0001307
"FL","PWRSOL",2026,0.0001307
"FL","PWRSOL",2027,0.0001307
"FL","PWRSOL",2028,0.0001307
"FL","PWRSOL",2029,0.0001307
"FL","PWRSOL",2030,0.0001307
"FL","PWRSOL",2031,0.0001307
"FL","PWRSOL",2032,0.0001307
"FL","PWRSOL",2033,0.0001307
"FL","PWRSOL",2034,0.0001307
"FL","PWRSOL",2035,0.0001307
"FL","PWRSOL",2036,0.0001307
"FL","PWRSOL",2037,0.0001307
"FL","PWRSOL",2038,0.0001307
"FL","PWRSOL",2039,0.0001307
"FL","PWRSOL",2040,0.0001307
"FL","PWRSOL",2041,0.0001307
"FL","PWRSOL",2042,0.0001307
"FL","PWRSOL",2043,0.0001307
"FL","PWRSOL",2044,0.0001307
"FL","PWRSOL",2045,0.0001307
"FL","PWRSOL",2046,0.0001307
"FL","PWRSOL",2047,0.0001307
"FL","PWRSOL",2048,0.0001307
"FL","PWRSOL",2049,0.0001307
"FL","PWRSOL",2050,0.0001307
"FL","ELECNERA",2030,3.44042542013835e-05
"FL","ELECNERA",2031,3.44042542013835e-05
"FL","ELECNERA",2032,3.44042542013835e-05
"FL","ELECNERA",2033,3.44042542013835e-05
"FL","ELECNERA",2034,3.44042542013835e-05
"FL","ELECNERA",2035,3.44042542013835e-05
"FL","ELECNERA",2036,3.44042542013835e-05
"FL","ELECNERA",2037,3.44042542013835e-05
"FL","ELECNERA",2038,3.44042542013835e-05
"FL","ELECNERA",2039,3.44042542013835e-05
"FL","ELECNERA",2040,3.44042542013835e-05
"FL","ELECNERA",2041,3.44042542013835e-05
"FL","ELECNERA",2042,3.44042542013835e-05
"FL","ELECNERA",2043,3.44042542013835e-05
"FL","ELECNERA",2044,3.44042542013835e-05
"FL","BAT",2030,3.44042542013835e-05
"FL","BAT",2031,3.44042542013835e-05
"FL","BAT",2032,3.44042542013835e-05
"FL","BAT",2033,3.44042542013835e-05
"FL","BAT",2034,3.44042542013835e-05
"FL","BAT",2035,3.44042542013835e-05
"FL","BAT",2036,3.29683893001409e-05
"FL","BAT",2037,3.31038419633985e-05
"FL","BAT",2038,3.32405724819699e-05
"FL","BAT",2039,3.3378747532635e-05
"FL","BAT",2040,3.35182559975406e-05
"FL","BAT",2041,3.36591534356133e-05
"FL","BAT",2042,3.38014398468532e-05
"FL","BAT",2043,3.39452263491135e-05
"FL","BAT",2044,3.44042542013835e-05
"FL","BAT",2045,3.48632820536535e-05
"FL","BAT",2046,3.53223099059235e-05
"FL","BAT",2047,3.57813933171202e-05
"FL","BAT",2048,3.62404211693902e-05
"FL","BAT",2049,3.66994490216602e-05
"FL","BAT",2050,3.7158532432857e-05
"FL","DEMCOMELC",2030,0.00101494437541951
"FL","DEMCOMELC",2031,0.00101896721151171
"FL","DEMCOMELC",2032,0.00102302859394277
"FL","DEMCOMELC",2033,0.00102713377903162
"FL","DEMCOMELC",2034,0.00103127751045934
"FL","DEMCOMELC",2035,0.00103546329243855
"FL","DEMCOMELC",2036,0.00103969112496924
"FL","DEMCOMELC",2037,0.00104396276015774
"FL","DEMCOMELC",2038,0.0010482746937914
"FL","DEMCOMELC",2039,0.00105263218218918
"FL","DEMCOMELC",2040,0.00105703172113844
"FL","DEMCOMELC",2041,0.0010614750627455
"FL","DEMCOMELC",2042,0.00106596220701036
"FL","DEMCOMELC",2043,0.00107049665814564
"FL","DEMCOMELC",2044,0.00108497256049483
"FL","DEMCOMELC",2045,0.00109944846284402
"FL","DEMCOMELC",2046,0.0011139243651932
"FL","DEMCOMELC",2047,0.0011284020196487
"FL","DEMCOMELC",2048,0.00114287792199789
"FL","DEMCOMELC",2049,0.00115735382434708
"FL","DEMCOMELC",2050,0.00117183147880258
"FL","PWRDIST",2045,0.00109944846284402
"FL","PWRDIST",2046,0.0011139243651932
"FL","PWRDIST",2047,0.0011284020196487
"FL","PWRDIST",2048,0.00114287792199789
"FL","PWRDIST",2049,0.00115735382434708
"FL","PWRDIST",2050,0.00117183147880258
"FL","PWRSOLDIST",2019,5.53132067892416e-07
"FL","PWRSOLDIST",2020,5.5e-06
"FL","PWRSOLDIST",2021,5.5e-06
"FL","PWRSOLDIST",2022,5.5e-06
"FL","PWRSOLDIST",2023,5.5e-06
"FL","PWRSOLDIST",2024,5.5e-06
"FL","PWRSOLDIST",2025,5.5e-06
"FL","PWRSOLDIST",2026,5.5e-06
"FL","PWRSOLDIST",2027,5.5e-06
"FL","PWRSOLDIST",2028,5.5e-06
"FL","PWRSOLDIST",2029,5.5e-06
"FL","PWRSOLDIST",2030,1.55e-05
"FL","PWRSOLDIST",2031,1.55e-05
"FL","PWRSOLDIST",2032,1.55e-05
"FL","PWRSOLDIST",2033,1.55e-05
"FL","PWRSOLDIST",2034,1.55e-05
"FL","PWRSOLDIST",2035,1.55e-05
"FL","PWRSOLDIST",2036,1.55e-05
"FL","PWRSOLDIST",2037,1.55e-05
"FL","PWRSOLDIST",2038,1.55e-05
"FL","PWRSOLDIST",2039,1.55e-05
"FL","PWRSOLDIST",2040,2.55e-05
"FL","PWRSOLDIST",2041,2.55e-05
"FL","PWRSOLDIST",2042,2.55e-05
"FL","PWRSOLDIST",2043,2.55e-05
"FL","PWRSOLDIST",2044,2.55e-05
"FL","PWRSOLDIST",2045,2.55e-05
"FL","PWRSOLDIST",2046,2.55e-05
"FL","PWRSOLDIST",2047,2.55e-05
"FL","PWRSOLDIST",2048,2.55e-05
"FL","PWRSOLDIST",2049,2.55e-05
"FL","PWRSOLDIST",2050,2.55e-05
